Date,Home_Team,Away_Team,Home_RS,Home_RA,Away_RS,Away_RA,Home_W,Home_L,Away_W,Away_L,Home_Streak,Away_Streak,Home_Win,TMAX,TMIN,PRCP
2018-03-29,BAL,MIN,0.0,0.0,0.0,0.0,0.0,0.0,0.0,0.0,0.0,0.0,1,21.1,9.4,0.0
2018-03-29,SEA,CLE,0.0,0.0,0.0,0.0,0.0,0.0,0.0,0.0,0.0,0.0,1,14.4,6.7,0.0
2018-03-29,KCR,CHW,0.0,0.0,0.0,0.0,0.0,0.0,0.0,0.0,0.0,0.0,0,9.4,4.4,10.0
2018-03-30,ATL,PHI,8.0,5.0,5.0,8.0,1.0,0.0,0.0,1.0,1.0,-1.0,0,18.3,10.6,0.0
2018-03-30,OAK,LAA,6.0,5.0,5.0,6.0,1.0,0.0,0.0,1.0,1.0,-1.0,0,25.0,10.6,0.0
2018-03-30,CIN,WSN,0.0,0.0,0.0,0.0,0.0,0.0,0.0,0.0,0.0,0.0,0,10.0,0.6,56.0
2018-03-30,MIA,CHC,4.0,8.0,8.0,4.0,0.0,1.0,1.0,0.0,-1.0,1.0,1,27.8,21.1,0.0
2018-03-30,SDP,MIL,1.0,2.0,2.0,1.0,0.0,1.0,1.0,0.0,-1.0,1.0,0,20.6,13.3,0.0
2018-03-31,TEX,HOU,6.0,5.0,5.0,6.0,1.0,1.0,1.0,1.0,1.0,-1.0,0,21.1,10.0,0.0
2018-03-31,ARI,COL,17.0,10.0,10.0,17.0,2.0,0.0,0.0,2.0,2.0,-2.0,0,33.3,16.7,0.0
2018-03-31,TBR,BOS,6.0,5.0,5.0,6.0,1.0,1.0,1.0,1.0,-1.0,1.0,0,26.1,18.3,8.0
2018-04-01,TOR,NYY,8.0,13.0,13.0,8.0,1.0,2.0,2.0,1.0,1.0,-1.0,1,5.0,-2.5,0.0
2018-04-01,LAD,SFG,5.0,2.0,2.0,5.0,1.0,2.0,2.0,1.0,1.0,-1.0,1,21.1,12.8,0.0
2018-04-01,DET,PIT,10.0,13.0,13.0,10.0,0.0,1.0,1.0,0.0,-1.0,1.0,0,5.0,-1.0,0.0
2018-04-01,NYM,STL,15.0,6.0,6.0,15.0,2.0,0.0,0.0,2.0,2.0,-2.0,0,15.0,6.1,0.0
2018-04-02,TOR,CHW,15.0,17.0,18.0,10.0,2.0,2.0,2.0,0.0,2.0,2.0,1,8.0,-3.0,0.0
2018-04-02,LAA,CLE,22.0,14.0,11.0,12.0,3.0,1.0,1.0,2.0,3.0,-1.0,0,23.3,10.6,0.0
2018-04-02,CIN,CHC,12.0,21.0,19.0,18.0,0.0,3.0,2.0,2.0,-3.0,-1.0,1,8.3,0.6,8.0
2018-04-03,OAK,TEX,17.0,23.0,12.0,25.0,2.0,3.0,1.0,4.0,1.0,-3.0,0,17.8,7.2,0.0
2018-04-03,NYY,TBR,17.0,15.0,9.0,10.0,2.0,2.0,1.0,3.0,-2.0,-3.0,1,6.1,3.9,66.0
2018-04-03,MIA,BOS,21.0,26.0,17.0,12.0,2.0,3.0,4.0,1.0,-1.0,4.0,0,28.3,21.7,0.0
2018-04-03,DET,KCR,22.0,23.0,11.0,24.0,1.0,3.0,0.0,3.0,1.0,-3.0,0,4.4,0.6,185.0
2018-04-03,NYM,PHI,16.0,11.0,12.0,27.0,2.0,1.0,1.0,2.0,-1.0,-1.0,1,6.7,3.9,69.0
2018-04-04,HOU,BAL,38.0,18.0,12.0,31.0,5.0,1.0,1.0,4.0,4.0,-4.0,1,22.8,12.8,216.0
2018-04-04,ATL,WSN,41.0,26.0,35.0,26.0,3.0,2.0,4.0,1.0,1.0,-1.0,1,21.1,8.3,58.0
2018-04-04,SFG,SEA,6.0,20.0,18.0,15.0,2.0,3.0,3.0,1.0,-3.0,2.0,1,15.6,10.6,0.0
2018-04-04,ARI,LAD,32.0,20.0,22.0,16.0,4.0,1.0,2.0,4.0,2.0,-2.0,1,32.2,17.2,0.0
2018-04-04,PIT,MIN,27.0,20.0,19.0,10.0,4.0,0.0,2.0,2.0,4.0,-1.0,0,15.0,-1.6,38.0
2018-04-04,MIL,STL,26.0,22.0,23.0,25.0,4.0,1.0,2.0,3.0,1.0,-1.0,0,1.7,-4.3,13.0
2018-04-05,MIN,SEA,26.0,13.0,19.0,25.0,3.0,2.0,3.0,2.0,1.0,-1.0,1,-2.2,-13.3,0.0
2018-04-05,SDP,COL,24.0,33.0,28.0,32.0,1.0,5.0,3.0,3.0,-1.0,1.0,0,19.4,13.3,0.0
2018-04-05,STL,ARI,29.0,25.0,35.0,20.0,3.0,3.0,5.0,1.0,1.0,3.0,0,17.8,-2.1,0.0
2018-04-05,CHW,DET,29.0,31.0,22.0,24.0,3.0,2.0,1.0,4.0,1.0,-1.0,0,5.6,-4.3,23.0
2018-04-06,TEX,TOR,24.0,35.0,36.0,28.0,3.0,5.0,4.0,3.0,1.0,-1.0,0,22.8,10.6,0.0
2018-04-06,NYY,BAL,37.0,26.0,19.0,36.0,4.0,3.0,2.0,5.0,-1.0,1.0,0,16.7,2.8,28.0
2018-04-06,PIT,CIN,35.0,29.0,15.0,26.0,5.0,1.0,1.0,4.0,1.0,-1.0,1,13.9,-0.5,25.0
2018-04-07,PHI,MIA,19.0,33.0,23.0,35.0,2.0,4.0,2.0,5.0,1.0,-3.0,1,14.4,3.9,0.0
2018-04-08,COL,ATL,37.0,43.0,58.0,33.0,5.0,4.0,5.0,3.0,1.0,-1.0,0,13.9,-4.4,0.0
2018-04-08,LAA,OAK,54.0,40.0,43.0,51.0,6.0,3.0,4.0,6.0,-1.0,1.0,1,24.4,12.8,0.0
2018-04-08,SFG,LAD,23.0,26.0,27.0,26.0,4.0,3.0,2.0,6.0,2.0,-4.0,0,16.1,10.0,0.0
2018-04-08,CLE,KCR,24.0,31.0,15.0,27.0,3.0,5.0,2.0,4.0,-1.0,1.0,1,1.1,-1.6,0.0
2018-04-08,WSN,NYM,40.0,44.0,33.0,17.0,4.0,4.0,6.0,1.0,-4.0,4.0,0,10.6,1.1,0.0
2018-04-08,MIL,CHC,33.0,45.0,36.0,26.0,5.0,4.0,4.0,4.0,-1.0,1.0,0,2.8,-4.9,0.0
2018-04-08,BOS,TBR,34.0,19.0,20.0,41.0,7.0,1.0,1.0,7.0,7.0,-7.0,1,5.6,0.0,0.0
2018-04-08,HOU,SDP,43.0,24.0,29.0,38.0,7.0,2.0,2.0,7.0,1.0,-1.0,1,15.0,7.8,0.0
2018-04-09,BAL,TOR,37.0,54.0,52.0,42.0,4.0,6.0,6.0,4.0,1.0,1.0,0,6.7,3.3,0.0
2018-04-09,PHI,CIN,42.0,40.0,25.0,49.0,3.0,5.0,2.0,6.0,-1.0,-1.0,1,7.2,0.0,0.0
2018-04-09,CLE,DET,27.0,32.0,38.0,32.0,4.0,5.0,4.0,4.0,1.0,3.0,1,1.7,-0.5,0.0
2018-04-09,MIN,HOU,34.0,26.0,47.0,25.0,4.0,3.0,8.0,2.0,-1.0,2.0,0,-1.1,-9.4,36.0
2018-04-09,SFG,ARI,24.0,28.0,45.0,27.0,4.0,4.0,7.0,2.0,-1.0,1.0,0,23.3,11.1,0.0
2018-04-10,KCR,SEA,26.0,30.0,32.0,43.0,3.0,5.0,4.0,4.0,1.0,-1.0,0,6.7,-1.7,15.0
2018-04-10,TEX,LAA,41.0,59.0,68.0,44.0,4.0,8.0,8.0,3.0,-2.0,2.0,0,20.0,7.2,0.0
2018-04-10,LAD,OAK,29.0,27.0,44.0,57.0,3.0,6.0,4.0,7.0,1.0,-1.0,1,31.1,16.1,0.0
2018-04-10,BOS,NYY,42.0,26.0,55.0,44.0,8.0,1.0,5.0,5.0,8.0,-1.0,1,5.0,1.7,0.0
2018-04-10,MIA,NYM,32.0,62.0,43.0,24.0,3.0,7.0,8.0,1.0,-1.0,6.0,0,32.8,22.8,0.0
2018-04-10,COL,SDP,43.0,54.0,37.0,48.0,5.0,6.0,3.0,8.0,-2.0,1.0,0,13.9,-1.7,8.0
2018-04-10,STL,MIL,40.0,40.0,38.0,52.0,4.0,6.0,6.0,5.0,-2.0,1.0,1,11.1,2.2,0.0
2018-04-11,WSN,ATL,51.0,51.0,63.0,39.0,6.0,5.0,6.0,5.0,2.0,-2.0,0,13.9,6.1,0.0
2018-04-11,CHC,PIT,44.0,34.0,66.0,44.0,5.0,5.0,8.0,2.0,-1.0,2.0,1,19.4,3.9,0.0
2018-04-11,CHW,TBR,46.0,58.0,38.0,58.0,3.0,7.0,3.0,8.0,-5.0,2.0,1,19.4,3.9,0.0
2018-04-12,KCR,LAA,31.0,42.0,86.0,47.0,3.0,7.0,10.0,3.0,-2.0,4.0,0,25.0,7.8,0.0
2018-04-12,MIN,CHW,47.0,37.0,48.0,59.0,6.0,4.0,4.0,7.0,2.0,1.0,1,7.2,-1.7,5.0
2018-04-12,SDP,SFG,46.0,56.0,33.0,41.0,4.0,9.0,5.0,6.0,-1.0,-1.0,0,19.4,15.0,0.0
2018-04-13,CLE,TOR,45.0,37.0,64.0,49.0,8.0,5.0,8.0,5.0,5.0,-1.0,0,15.6,5.0,3.0
2018-04-13,CHC,ATL,58.0,45.0,68.0,42.0,6.0,6.0,7.0,5.0,-1.0,1.0,0,11.7,4.4,15.0
2018-04-13,CIN,STL,38.0,78.0,60.0,50.0,2.0,10.0,6.0,7.0,-5.0,1.0,0,27.2,12.8,0.0
2018-04-13,DET,NYY,43.0,50.0,69.0,71.0,4.0,8.0,6.0,7.0,-4.0,-1.0,0,13.9,2.8,0.0
2018-04-14,LAD,ARI,46.0,51.0,66.0,43.0,4.0,8.0,10.0,3.0,-2.0,2.0,0,30.6,13.9,0.0
2018-04-15,BOS,BAL,86.0,46.0,50.0,83.0,12.0,2.0,5.0,10.0,3.0,-2.0,1,3.9,0.6,10.0
2018-04-15,SEA,OAK,61.0,60.0,72.0,84.0,8.0,4.0,5.0,10.0,4.0,-2.0,0,11.1,6.7,38.0
2018-04-15,HOU,TEX,66.0,46.0,52.0,85.0,10.0,5.0,5.0,11.0,-1.0,1.0,0,20.6,7.8,0.0
2018-04-15,MIA,PIT,46.0,77.0,80.0,65.0,4.0,10.0,10.0,4.0,-1.0,1.0,0,30.6,21.7,56.0
2018-04-15,WSN,COL,62.0,65.0,60.0,71.0,7.0,8.0,8.0,8.0,1.0,-1.0,0,20.6,8.9,33.0
2018-04-15,NYM,MIL,62.0,41.0,54.0,66.0,11.0,2.0,8.0,7.0,-1.0,1.0,1,7.8,3.9,91.0
2018-04-15,TBR,PHI,44.0,71.0,69.0,54.0,3.0,11.0,8.0,5.0,-3.0,5.0,0,30.0,19.4,122.0
2018-04-16,SEA,HOU,62.0,62.0,67.0,49.0,8.0,5.0,10.0,6.0,-1.0,-2.0,1,9.4,5.6,51.0
2018-04-16,MIL,CIN,56.0,69.0,44.0,92.0,8.0,8.0,2.0,13.0,-1.0,-8.0,0,1.7,-2.7,10.0
2018-04-16,SDP,LAD,66.0,69.0,54.0,62.0,7.0,10.0,5.0,9.0,3.0,1.0,0,19.4,13.9,0.0
2018-04-16,TBR,TEX,48.0,81.0,55.0,86.0,3.0,12.0,6.0,11.0,-4.0,2.0,1,20.6,16.7,0.0
2018-04-16,NYY,MIA,77.0,77.0,49.0,84.0,7.0,7.0,4.0,11.0,1.0,-2.0,1,15.6,3.9,716.0
2018-04-17,ATL,PHI,84.0,57.0,80.0,60.0,9.0,6.0,9.0,6.0,1.0,-1.0,0,24.4,2.2,0.0
2018-04-17,MIN,CLE,51.0,37.0,49.0,45.0,7.0,4.0,8.0,6.0,3.0,-1.0,0,1.7,-6.1,0.0
2018-04-18,TOR,KCR,88.0,60.0,46.0,75.0,11.0,5.0,3.0,12.0,3.0,-7.0,1,5.0,0.5,0.0
2018-04-18,LAA,BOS,104.0,65.0,99.0,48.0,13.0,4.0,14.0,2.0,-1.0,5.0,0,25.6,7.2,0.0
2018-04-18,PIT,COL,89.0,76.0,74.0,78.0,11.0,6.0,11.0,8.0,-2.0,3.0,1,12.2,-1.6,56.0
2018-04-18,NYM,WSN,73.0,56.0,80.0,79.0,12.0,4.0,9.0,9.0,-2.0,2.0,1,12.8,3.9,0.0
2018-04-18,OAK,CHW,92.0,88.0,51.0,81.0,8.0,10.0,4.0,10.0,3.0,-3.0,1,14.4,7.8,0.0
2018-04-19,DET,BAL,59.0,65.0,58.0,96.0,6.0,9.0,5.0,13.0,2.0,-5.0,1,11.1,1.1,0.0
2018-04-19,ARI,SFG,81.0,55.0,50.0,65.0,12.0,5.0,7.0,10.0,-1.0,1.0,1,29.4,14.4,0.0
2018-04-19,CHC,STL,75.0,64.0,79.0,59.0,7.0,8.0,10.0,7.0,-1.0,5.0,1,12.8,1.1,8.0
2018-04-20,STL,CIN,84.0,67.0,54.0,100.0,10.0,8.0,3.0,15.0,-1.0,-2.0,1,16.7,2.8,0.0
2018-04-20,PHI,PIT,95.0,68.0,99.0,85.0,11.0,7.0,12.0,7.0,1.0,-1.0,1,12.2,2.2,0.0
2018-04-20,TBR,MIN,62.0,94.0,54.0,44.0,5.0,13.0,8.0,5.0,1.0,1.0,1,27.8,18.3,0.0
2018-04-20,COL,CHC,76.0,88.0,83.0,69.0,11.0,9.0,8.0,8.0,-1.0,1.0,0,19.4,0.6,0.0
2018-04-20,DET,KCR,72.0,73.0,51.0,90.0,7.0,9.0,3.0,13.0,3.0,-8.0,1,12.8,0.6,0.0
2018-04-21,NYY,TOR,99.0,98.0,114.0,74.0,9.0,9.0,13.0,6.0,-1.0,1.0,1,17.2,3.9,0.0
2018-04-21,BAL,CLE,69.0,110.0,57.0,51.0,6.0,14.0,9.0,8.0,1.0,-2.0,0,17.8,6.7,0.0
2018-04-21,ATL,NYM,107.0,74.0,93.0,76.0,11.0,8.0,14.0,5.0,-1.0,1.0,1,22.2,7.8,0.0
2018-04-21,LAA,SFG,107.0,90.0,59.0,69.0,13.0,7.0,8.0,11.0,-4.0,1.0,1,29.4,10.0,0.0
2018-04-21,LAD,WSN,86.0,77.0,90.0,92.0,8.0,10.0,10.0,10.0,-1.0,1.0,1,28.3,11.7,0.0
2018-04-21,MIL,MIA,84.0,82.0,62.0,117.0,12.0,9.0,5.0,14.0,4.0,-2.0,1,13.3,-0.5,0.0
2018-04-21,CHW,HOU,62.0,103.0,98.0,55.0,4.0,12.0,14.0,7.0,-5.0,4.0,0,11.7,5.0,0.0
2018-04-21,ARI,SDP,85.0,60.0,80.0,100.0,13.0,6.0,8.0,13.0,-1.0,1.0,1,31.7,15.0,0.0
2018-04-21,OAK,BOS,107.0,106.0,123.0,53.0,9.0,11.0,17.0,2.0,-1.0,8.0,1,22.8,7.8,0.0
2018-04-22,TEX,SEA,77.0,115.0,83.0,92.0,7.0,15.0,11.0,8.0,-3.0,2.0,1,18.3,11.1,107.0
2018-04-23,CIN,ATL,61.0,117.0,111.0,77.0,3.0,18.0,12.0,8.0,-5.0,1.0,1,15.6,6.1,114.0
2018-04-23,LAD,MIA,94.0,80.0,69.0,127.0,10.0,10.0,5.0,16.0,2.0,-4.0,1,24.4,12.8,0.0
2018-04-23,TEX,OAK,84.0,119.0,114.0,107.0,8.0,15.0,11.0,11.0,1.0,2.0,0,18.9,10.6,0.0
2018-04-23,SFG,WSN,66.0,75.0,93.0,100.0,9.0,12.0,10.0,12.0,1.0,-2.0,1,21.1,11.1,0.0
2018-04-23,COL,SDP,93.0,115.0,84.0,110.0,12.0,11.0,8.0,15.0,-1.0,-2.0,0,18.3,-0.6,0.0
2018-04-24,TOR,BOS,116.0,88.0,124.0,60.0,13.0,8.0,17.0,4.0,-2.0,-2.0,1,18.0,5.0,122.0
2018-04-24,CHW,SEA,74.0,124.0,91.0,109.0,5.0,14.0,11.0,10.0,1.0,-2.0,0,17.8,8.3,0.0
2018-04-24,CLE,CHC,70.0,55.0,110.0,86.0,12.0,8.0,10.0,9.0,3.0,1.0,0,15.0,8.9,46.0
2018-04-24,PHI,ARI,106.0,73.0,95.0,64.0,14.0,7.0,15.0,6.0,4.0,2.0,0,17.8,5.0,28.0
2018-04-25,BAL,TBR,73.0,123.0,88.0,108.0,6.0,17.0,8.0,13.0,-3.0,4.0,0,20.0,13.3,267.0
2018-04-25,HOU,LAA,122.0,67.0,123.0,104.0,16.0,9.0,16.0,8.0,-2.0,2.0,1,29.4,16.1,0.0
2018-04-25,PIT,DET,104.0,96.0,94.0,90.0,12.0,10.0,9.0,11.0,-4.0,-1.0,0,15.0,5.6,5.0
2018-04-25,KCR,MIL,70.0,117.0,99.0,91.0,5.0,16.0,15.0,9.0,-1.0,7.0,0,24.4,11.1,0.0
2018-04-26,NYY,MIN,142.0,108.0,76.0,99.0,14.0,9.0,8.0,11.0,5.0,-6.0,1,21.1,12.8,25.0
2018-04-26,STL,NYM,115.0,81.0,103.0,94.0,14.0,9.0,15.0,7.0,1.0,-1.0,1,22.2,10.0,0.0
2018-04-27,CLE,SEA,81.0,71.0,101.0,116.0,13.0,10.0,14.0,10.0,-1.0,3.0,1,17.2,5.6,18.0
2018-04-27,MIN,CIN,79.0,103.0,88.0,140.0,8.0,12.0,5.0,20.0,-7.0,-2.0,0,16.7,3.9,0.0
2018-04-27,BOS,TBR,136.0,71.0,105.0,117.0,19.0,5.0,10.0,13.0,2.0,6.0,0,13.9,7.8,137.0
2018-04-27,HOU,OAK,127.0,69.0,128.0,117.0,17.0,9.0,13.0,12.0,1.0,-1.0,0,26.7,14.4,0.0
2018-04-28,PHI,ATL,124.0,95.0,137.0,111.0,16.0,9.0,14.0,11.0,1.0,-1.0,0,23.3,7.8,36.0
2018-04-28,LAA,NYY,128.0,113.0,150.0,114.0,16.0,10.0,16.0,9.0,-2.0,7.0,0,23.9,12.2,0.0
2018-04-28,PIT,STL,129.0,117.0,124.0,90.0,15.0,11.0,15.0,10.0,3.0,-1.0,1,15.0,2.8,3.0
2018-04-28,CHC,MIL,125.0,95.0,107.0,97.0,13.0,10.0,16.0,11.0,2.0,-2.0,1,10.6,3.3,0.0
2018-04-28,SDP,NYM,100.0,133.0,111.0,99.0,9.0,18.0,16.0,8.0,-3.0,1.0,1,20.6,14.4,0.0
2018-04-29,TOR,TEX,135.0,113.0,107.0,141.0,14.0,12.0,11.0,17.0,-4.0,3.0,1,11.5,0.5,0.0
2018-04-29,BAL,DET,93.0,149.0,119.0,120.0,7.0,20.0,11.0,14.0,-1.0,1.0,1,13.3,7.8,0.0
2018-04-29,SFG,LAD,96.0,117.0,126.0,112.0,13.0,14.0,12.0,14.0,1.0,-1.0,1,16.1,11.1,0.0
2018-04-29,MIA,COL,85.0,139.0,113.0,134.0,8.0,18.0,15.0,13.0,1.0,-1.0,1,28.9,20.6,0.0
2018-04-29,WSN,ARI,120.0,119.0,123.0,82.0,11.0,16.0,19.0,7.0,-2.0,3.0,1,14.4,7.2,0.0
2018-04-29,KCR,CHW,84.0,146.0,100.0,141.0,6.0,20.0,8.0,17.0,1.0,-1.0,1,19.4,7.2,0.0
2018-04-30,MIN,TOR,93.0,127.0,142.0,115.0,9.0,14.0,15.0,12.0,-1.0,1.0,0,19.4,5.6,0.0
2018-04-30,CIN,MIL,112.0,154.0,107.0,102.0,7.0,21.0,16.0,13.0,1.0,-4.0,0,22.2,0.6,0.0
2018-04-30,WSN,PIT,123.0,120.0,140.0,119.0,12.0,16.0,17.0,11.0,1.0,5.0,1,22.8,5.0,0.0
2018-04-30,HOU,NYY,147.0,81.0,163.0,116.0,19.0,10.0,18.0,9.0,2.0,9.0,1,26.7,16.1,0.0
2018-05-01,LAA,BAL,130.0,126.0,98.0,152.0,16.0,12.0,8.0,20.0,-4.0,1.0,1,17.8,10.0,0.0
2018-05-01,NYM,ATL,127.0,113.0,151.0,113.0,17.0,9.0,16.0,11.0,1.0,2.0,0,27.8,10.0,0.0
2018-05-01,SEA,OAK,128.0,130.0,140.0,137.0,16.0,11.0,14.0,14.0,2.0,-2.0,1,16.7,9.4,0.0
2018-05-01,ARI,LAD,132.0,90.0,133.0,124.0,20.0,8.0,12.0,16.0,1.0,-3.0,1,25.0,17.8,0.0
2018-05-01,CLE,TEX,102.0,103.0,114.0,155.0,15.0,12.0,11.0,19.0,1.0,-2.0,0,27.8,11.7,0.0
2018-05-01,MIA,PHI,96.0,143.0,130.0,117.0,10.0,18.0,16.0,12.0,3.0,-3.0,1,28.3,22.8,18.0
2018-05-02,CHC,COL,134.0,100.0,118.0,141.0,16.0,11.0,16.0,15.0,-1.0,1.0,0,31.1,18.9,66.0
2018-05-02,SFG,SDP,108.0,127.0,122.0,157.0,15.0,15.0,11.0,20.0,-1.0,1.0,1,15.6,10.0,0.0
2018-05-02,STL,CHW,129.0,103.0,106.0,149.0,16.0,12.0,8.0,19.0,1.0,-3.0,1,30.6,20.6,0.0
2018-05-02,BOS,KCR,165.0,103.0,102.0,166.0,21.0,8.0,8.0,21.0,-1.0,1.0,1,31.7,14.4,0.0
2018-05-02,DET,TBR,126.0,129.0,128.0,134.0,12.0,16.0,13.0,15.0,1.0,-1.0,1,28.9,16.7,86.0
2018-05-03,CLE,TOR,120.0,115.0,156.0,128.0,16.0,13.0,17.0,13.0,1.0,-1.0,0,23.9,15.0,198.0
2018-05-03,CHW,MIN,108.0,152.0,106.0,141.0,8.0,20.0,10.0,16.0,-4.0,1.0,1,21.7,14.4,48.0
2018-05-04,OAK,BAL,147.0,149.0,110.0,177.0,15.0,16.0,8.0,23.0,-1.0,-3.0,1,20.6,10.6,0.0
2018-05-04,SEA,LAA,140.0,137.0,155.0,138.0,18.0,12.0,19.0,12.0,1.0,3.0,0,17.8,11.1,0.0
2018-05-05,NYY,CLE,185.0,129.0,150.0,139.0,22.0,10.0,17.0,15.0,4.0,-1.0,1,24.4,16.1,0.0
2018-05-05,TEX,BOS,138.0,183.0,180.0,119.0,13.0,21.0,23.0,9.0,-1.0,1.0,0,21.7,15.0,196.0
2018-05-05,MIL,PIT,127.0,120.0,156.0,150.0,19.0,14.0,18.0,15.0,-1.0,1.0,1,27.2,10.6,0.0
2018-05-05,WSN,PHI,157.0,133.0,140.0,126.0,17.0,16.0,17.0,14.0,6.0,-1.0,0,24.4,16.7,0.0
2018-05-05,STL,CHC,135.0,107.0,138.0,114.0,18.0,12.0,16.0,13.0,3.0,-3.0,1,27.2,12.2,0.0
2018-05-06,TBR,TOR,141.0,142.0,178.0,163.0,15.0,16.0,18.0,16.0,2.0,-3.0,0,28.9,22.8,0.0
2018-05-06,ATL,SFG,178.0,135.0,137.0,137.0,19.0,13.0,18.0,15.0,-2.0,3.0,0,26.7,15.6,0.0
2018-05-06,CIN,MIA,128.0,177.0,105.0,154.0,8.0,25.0,12.0,20.0,-1.0,1.0,0,25.6,12.2,36.0
2018-05-06,SDP,LAD,133.0,174.0,151.0,138.0,12.0,22.0,15.0,18.0,1.0,-1.0,1,22.8,15.6,0.0
2018-05-06,NYM,COL,136.0,144.0,139.0,150.0,17.0,14.0,19.0,15.0,-5.0,4.0,0,20.0,12.2,0.0
2018-05-06,KCR,DET,122.0,182.0,140.0,147.0,10.0,23.0,14.0,18.0,-1.0,1.0,1,28.3,14.4,0.0
2018-05-06,ARI,HOU,143.0,111.0,165.0,100.0,22.0,11.0,21.0,14.0,1.0,-1.0,1,41.1,22.8,0.0
2018-05-07,TEX,DET,144.0,195.0,142.0,151.0,13.0,23.0,14.0,19.0,-3.0,-1.0,1,30.6,13.9,0.0
2018-05-07,CHC,MIA,147.0,126.0,113.0,159.0,16.0,15.0,13.0,20.0,-5.0,2.0,1,22.8,10.0,0.0
2018-05-07,OAK,HOU,157.0,154.0,166.0,103.0,18.0,16.0,21.0,15.0,3.0,-2.0,0,21.1,8.9,0.0
2018-05-08,TBR,ATL,142.0,144.0,181.0,139.0,15.0,17.0,19.0,14.0,-1.0,-3.0,0,32.8,19.4,0.0
2018-05-08,CIN,NYM,139.0,192.0,145.0,153.0,8.0,27.0,18.0,15.0,-3.0,1.0,1,26.1,6.7,0.0
2018-05-08,CHW,PIT,125.0,176.0,168.0,155.0,9.0,23.0,19.0,16.0,-3.0,1.0,0,28.3,13.3,0.0
2018-05-08,STL,MIN,147.0,122.0,136.0,158.0,20.0,13.0,14.0,17.0,-1.0,4.0,0,26.7,11.7,0.0
2018-05-09,BAL,KCR,122.0,202.0,141.0,191.0,8.0,27.0,12.0,23.0,-7.0,2.0,1,26.1,15.6,0.0
2018-05-09,COL,LAA,146.0,154.0,178.0,153.0,21.0,15.0,21.0,14.0,6.0,-1.0,0,25.0,7.8,0.0
2018-05-09,LAD,ARI,156.0,149.0,154.0,117.0,15.0,20.0,24.0,11.0,-3.0,3.0,1,23.9,15.0,0.0
2018-05-09,MIL,CLE,135.0,134.0,158.0,154.0,21.0,15.0,17.0,18.0,1.0,-4.0,0,22.8,9.4,198.0
2018-05-09,SDP,WSN,141.0,186.0,175.0,145.0,13.0,24.0,20.0,17.0,-2.0,3.0,1,21.1,15.6,0.0
2018-05-10,TOR,SEA,185.0,171.0,158.0,163.0,20.0,17.0,20.0,15.0,1.0,-1.0,0,21.5,14.0,0.0
2018-05-10,MIA,ATL,122.0,190.0,187.0,141.0,13.0,23.0,21.0,14.0,-3.0,2.0,0,28.9,22.8,0.0
2018-05-10,LAA,MIN,186.0,153.0,143.0,159.0,22.0,14.0,15.0,17.0,1.0,5.0,1,26.7,12.8,0.0
2018-05-10,NYY,BOS,209.0,143.0,200.0,137.0,26.0,10.0,25.0,11.0,8.0,-2.0,0,18.9,12.2,64.0
2018-05-10,PHI,SFG,173.0,137.0,146.0,166.0,21.0,15.0,19.0,18.0,3.0,-3.0,1,26.7,9.4,0.0
2018-05-10,SDP,STL,143.0,187.0,148.0,129.0,14.0,24.0,20.0,14.0,1.0,-2.0,0,20.0,15.6,0.0
2018-05-11,CLE,KCR,164.0,156.0,150.0,207.0,18.0,18.0,12.0,25.0,1.0,-2.0,0,12.2,7.2,0.0
2018-05-11,CHC,CHW,178.0,135.0,136.0,192.0,19.0,15.0,9.0,25.0,3.0,-5.0,1,13.9,9.4,15.0
2018-05-12,TOR,BOS,193.0,183.0,208.0,146.0,21.0,18.0,26.0,12.0,1.0,-1.0,0,13.5,4.5,0.0
2018-05-12,BAL,TBR,147.0,215.0,148.0,159.0,11.0,27.0,15.0,20.0,3.0,-4.0,1,28.3,16.7,244.0
2018-05-12,DET,SEA,159.0,167.0,167.0,166.0,15.0,21.0,21.0,15.0,-1.0,1.0,1,10.6,5.6,660.0
2018-05-12,PIT,SFG,195.0,168.0,151.0,183.0,22.0,16.0,19.0,20.0,4.0,-5.0,1,28.3,10.0,142.0
2018-05-12,COL,MIL,158.0,178.0,153.0,152.0,21.0,18.0,23.0,16.0,-3.0,2.0,1,23.9,10.6,8.0
2018-05-13,LAD,CIN,168.0,167.0,163.0,201.0,16.0,23.0,13.0,27.0,-3.0,5.0,0,21.1,14.4,8.0
2018-05-13,HOU,TEX,196.0,110.0,162.0,218.0,25.0,16.0,16.0,25.0,1.0,-1.0,1,32.2,21.7,0.0
2018-05-13,NYY,OAK,225.0,164.0,178.0,190.0,27.0,12.0,19.0,20.0,1.0,-1.0,1,12.2,11.1,25.0
2018-05-13,ARI,WSN,160.0,130.0,183.0,150.0,24.0,15.0,23.0,18.0,-4.0,3.0,0,32.2,18.9,0.0
2018-05-13,PHI,NYM,180.0,143.0,151.0,163.0,22.0,16.0,19.0,17.0,-1.0,1.0,1,13.9,11.7,124.0
2018-05-14,MIN,SEA,158.0,175.0,183.0,180.0,17.0,19.0,22.0,17.0,-1.0,-1.0,0,21.1,10.0,0.0
2018-05-14,LAA,HOU,202.0,168.0,202.0,111.0,24.0,16.0,26.0,16.0,1.0,2.0,1,23.9,9.4,0.0
2018-05-14,SFG,CIN,161.0,189.0,168.0,204.0,20.0,21.0,14.0,27.0,1.0,6.0,1,14.4,11.1,0.0
2018-05-14,SDP,COL,156.0,202.0,165.0,185.0,16.0,26.0,22.0,19.0,2.0,-1.0,0,20.6,15.0,0.0
2018-05-15,MIA,LAD,138.0,216.0,171.0,172.0,14.0,26.0,16.0,24.0,-2.0,-4.0,1,30.6,20.6,201.0
2018-05-15,DET,CLE,179.0,186.0,193.0,176.0,18.0,22.0,20.0,20.0,2.0,-1.0,1,22.2,11.1,170.0
2018-05-15,PIT,CHW,201.0,178.0,147.0,214.0,23.0,17.0,10.0,27.0,-1.0,1.0,1,28.3,15.6,0.0
2018-05-15,WSN,NYY,189.0,154.0,231.0,166.0,24.0,18.0,28.0,12.0,4.0,2.0,1,31.7,18.9,104.0
2018-05-15,KCR,TBR,165.0,235.0,164.0,186.0,13.0,28.0,17.0,22.0,-3.0,1.0,0,32.8,17.8,10.0
2018-05-16,NYM,TOR,165.0,169.0,200.0,205.0,20.0,18.0,21.0,21.0,1.0,-3.0,0,18.3,12.8,107.0
2018-05-16,BAL,PHI,173.0,229.0,184.0,145.0,13.0,28.0,23.0,16.0,1.0,1.0,0,21.7,17.8,254.0
2018-05-16,SEA,TEX,193.0,188.0,171.0,233.0,24.0,17.0,16.0,27.0,2.0,-3.0,0,21.1,12.2,0.0
2018-05-16,MIN,STL,162.0,177.0,164.0,146.0,18.0,20.0,22.0,17.0,1.0,-3.0,0,23.9,12.8,0.0
2018-05-16,ARI,MIL,168.0,144.0,168.0,163.0,25.0,17.0,25.0,18.0,1.0,-1.0,0,37.2,21.1,0.0
2018-05-16,BOS,OAK,226.0,162.0,191.0,204.0,28.0,14.0,21.0,21.0,-2.0,2.0,1,16.7,10.0,0.0
2018-05-17,SFG,COL,179.0,205.0,171.0,193.0,22.0,22.0,23.0,20.0,-1.0,-1.0,0,16.7,11.7,0.0
2018-05-17,STL,PHI,171.0,151.0,188.0,146.0,23.0,17.0,24.0,16.0,1.0,2.0,0,28.3,20.0,0.0
2018-05-18,ATL,MIA,225.0,166.0,148.0,230.0,26.0,16.0,16.0,27.0,1.0,-1.0,0,28.3,18.9,0.0
2018-05-18,CHW,TEX,153.0,226.0,178.0,238.0,11.0,29.0,17.0,28.0,1.0,-1.0,0,20.0,11.7,8.0
2018-05-19,TOR,OAK,218.0,219.0,208.0,216.0,22.0,23.0,23.0,22.0,-2.0,2.0,0,18.0,7.5,30.0
2018-05-19,CIN,CHC,185.0,230.0,217.0,159.0,15.0,30.0,23.0,18.0,-1.0,1.0,1,27.2,17.2,10.0
2018-05-19,HOU,CLE,214.0,117.0,208.0,189.0,29.0,17.0,21.0,22.0,3.0,-1.0,0,31.7,22.8,0.0
2018-05-19,KCR,NYY,178.0,248.0,236.0,176.0,14.0,30.0,28.0,14.0,1.0,-2.0,0,30.0,16.7,51.0
2018-05-19,MIN,MIL,170.0,192.0,184.0,168.0,18.0,22.0,27.0,18.0,-2.0,2.0,0,28.3,12.8,0.0
2018-05-20,BOS,BAL,248.0,178.0,186.0,249.0,31.0,15.0,14.0,31.0,1.0,-1.0,1,27.2,12.2,20.0
2018-05-20,SEA,DET,208.0,202.0,197.0,214.0,26.0,19.0,20.0,25.0,2.0,-2.0,1,17.8,12.2,3.0
2018-05-20,LAA,TBR,214.0,196.0,195.0,201.0,25.0,21.0,22.0,22.0,-5.0,6.0,1,21.1,14.4,0.0
2018-05-20,WSN,LAD,199.0,166.0,194.0,187.0,25.0,20.0,19.0,26.0,-2.0,3.0,0,31.7,20.0,0.0
2018-05-20,PIT,SDP,220.0,193.0,177.0,217.0,26.0,19.0,19.0,28.0,-2.0,2.0,0,23.9,16.1,5.0
2018-05-20,NYM,ARI,174.0,186.0,175.0,160.0,22.0,19.0,25.0,20.0,2.0,-3.0,1,28.9,12.8,0.0
2018-05-21,CHW,BAL,166.0,241.0,186.0,254.0,13.0,30.0,14.0,32.0,2.0,-2.0,0,18.3,10.0,312.0
2018-05-21,LAD,COL,201.0,189.0,191.0,215.0,20.0,26.0,25.0,22.0,4.0,-2.0,0,19.4,15.6,10.0
2018-05-22,TOR,LAA,224.0,233.0,219.0,198.0,22.0,25.0,26.0,21.0,-4.0,1.0,1,18.5,9.0,4.0
2018-05-22,OAK,SEA,222.0,222.0,211.0,204.0,25.0,22.0,27.0,19.0,4.0,3.0,0,14.4,11.7,0.0
2018-05-22,CHC,CLE,237.0,165.0,214.0,196.0,25.0,19.0,22.0,23.0,2.0,-1.0,0,19.4,12.2,13.0
2018-05-22,WSN,SDP,211.0,175.0,187.0,232.0,26.0,21.0,20.0,29.0,1.0,-1.0,1,26.7,18.3,312.0
2018-05-22,HOU,SFG,221.0,123.0,201.0,225.0,30.0,18.0,24.0,24.0,1.0,2.0,1,29.4,20.6,140.0
2018-05-22,MIL,ARI,194.0,177.0,178.0,168.0,29.0,19.0,25.0,22.0,1.0,-5.0,1,18.9,8.9,3.0
2018-05-22,TBR,BOS,197.0,206.0,253.0,178.0,22.0,23.0,32.0,15.0,-1.0,2.0,0,30.0,22.8,353.0
2018-05-23,PHI,ATL,210.0,174.0,246.0,182.0,27.0,19.0,29.0,18.0,-1.0,1.0,1,26.7,16.1,0.0
2018-05-23,CIN,PIT,198.0,252.0,227.0,208.0,17.0,32.0,26.0,21.0,1.0,-4.0,0,26.7,15.0,0.0
2018-05-23,TEX,NYY,204.0,265.0,268.0,191.0,19.0,31.0,31.0,15.0,1.0,-1.0,1,30.6,20.6,0.0
2018-05-23,NYM,MIA,181.0,192.0,165.0,251.0,24.0,20.0,18.0,30.0,-1.0,1.0,0,27.8,13.9,53.0
2018-05-23,MIN,DET,187.0,200.0,201.0,227.0,21.0,23.0,20.0,28.0,3.0,-5.0,0,23.3,15.0,0.0
2018-05-23,STL,KCR,203.0,174.0,187.0,273.0,26.0,20.0,15.0,33.0,-1.0,1.0,0,30.0,18.9,0.0
2018-05-24,MIL,NYM,204.0,179.0,182.0,194.0,31.0,19.0,24.0,21.0,3.0,-2.0,0,26.7,12.8,0.0
2018-05-25,SEA,MIN,218.0,210.0,188.0,204.0,29.0,20.0,21.0,24.0,-1.0,-1.0,1,18.9,10.6,0.0
2018-05-25,NYY,LAA,278.0,203.0,235.0,208.0,31.0,16.0,28.0,22.0,-2.0,2.0,1,30.0,18.3,0.0
2018-05-25,COL,CIN,196.0,224.0,207.0,261.0,26.0,24.0,18.0,33.0,-2.0,1.0,1,29.4,9.4,0.0
2018-05-25,DET,CHW,205.0,228.0,185.0,256.0,21.0,28.0,15.0,32.0,1.0,-1.0,1,30.0,14.4,0.0
2018-05-25,OAK,ARI,228.0,229.0,180.0,178.0,26.0,24.0,25.0,24.0,1.0,-7.0,0,17.8,12.8,0.0
2018-05-26,PHI,TOR,219.0,180.0,240.0,254.0,28.0,20.0,24.0,27.0,-1.0,1.0,1,31.7,20.6,216.0
2018-05-26,BOS,ATL,270.0,189.0,248.0,192.0,35.0,16.0,29.0,20.0,1.0,-2.0,1,31.7,16.1,0.0
2018-05-26,CLE,HOU,229.0,216.0,255.0,130.0,24.0,25.0,34.0,18.0,-2.0,5.0,1,26.1,20.0,0.0
2018-05-26,MIA,WSN,172.0,261.0,223.0,184.0,19.0,31.0,28.0,22.0,-1.0,1.0,0,25.6,21.7,409.0
2018-05-26,CHC,SFG,244.0,178.0,206.0,246.0,26.0,21.0,24.0,27.0,1.0,-3.0,0,32.2,20.6,0.0
2018-05-27,TBR,BAL,211.0,220.0,204.0,278.0,24.0,26.0,17.0,35.0,1.0,-1.0,1,29.4,22.2,117.0
2018-05-27,LAD,SDP,219.0,202.0,199.0,244.0,23.0,28.0,22.0,31.0,-1.0,1.0,1,23.3,14.4,0.0
2018-05-27,TEX,KCR,230.0,290.0,207.0,289.0,22.0,32.0,17.0,35.0,2.0,-2.0,0,36.1,21.7,0.0
2018-05-27,PIT,STL,245.0,222.0,210.0,188.0,28.0,23.0,27.0,22.0,-1.0,1.0,0,27.8,18.3,117.0
2018-05-28,ATL,NYM,261.0,201.0,203.0,223.0,30.0,21.0,25.0,24.0,1.0,-3.0,1,29.4,20.6,132.0
2018-05-28,ARI,CIN,188.0,184.0,219.0,279.0,26.0,26.0,19.0,35.0,-2.0,-1.0,1,36.7,21.7,0.0
2018-05-28,CLE,CHW,247.0,231.0,199.0,268.0,26.0,25.0,16.0,34.0,2.0,-1.0,1,27.8,22.2,0.0
2018-05-28,COL,SFG,214.0,236.0,214.0,258.0,28.0,25.0,25.0,28.0,1.0,-1.0,1,28.3,13.3,0.0
2018-05-29,BAL,WSN,207.0,292.0,238.0,187.0,17.0,37.0,31.0,22.0,-3.0,4.0,0,28.3,20.0,0.0
2018-05-29,SEA,TEX,229.0,216.0,234.0,297.0,33.0,20.0,22.0,34.0,4.0,-2.0,0,18.3,10.6,8.0
2018-05-29,NYY,HOU,288.0,221.0,275.0,149.0,33.0,18.0,35.0,20.0,-1.0,1.0,1,31.7,17.2,0.0
2018-05-29,MIL,STL,241.0,203.0,219.0,200.0,35.0,20.0,28.0,23.0,4.0,-1.0,0,22.8,15.6,0.0
2018-05-30,BOS,TOR,295.0,208.0,252.0,275.0,38.0,17.0,25.0,30.0,2.0,-2.0,1,20.6,15.6,0.0
2018-05-30,PIT,CHC,255.0,243.0,271.0,192.0,28.0,26.0,29.0,22.0,-4.0,3.0,1,28.9,20.0,0.0
2018-05-30,SDP,MIA,211.0,262.0,187.0,281.0,23.0,33.0,20.0,34.0,1.0,-1.0,1,20.0,16.1,0.0
2018-05-30,KCR,MIN,219.0,301.0,202.0,220.0,19.0,36.0,22.0,28.0,1.0,-1.0,1,33.3,18.3,43.0
2018-05-31,DET,LAA,234.0,255.0,261.0,234.0,25.0,30.0,30.0,26.0,1.0,-1.0,1,31.7,23.3,0.0
2018-05-31,LAD,PHI,239.0,215.0,236.0,200.0,26.0,29.0,30.0,23.0,1.0,-1.0,0,22.2,15.6,0.0
2018-05-31,OAK,TBR,237.0,248.0,230.0,226.0,28.0,28.0,28.0,26.0,-3.0,5.0,1,17.8,11.1,0.0
2018-06-01,ATL,WSN,282.0,224.0,245.0,193.0,33.0,23.0,33.0,23.0,1.0,-1.0,1,31.7,20.0,135.0
2018-06-01,LAA,TEX,263.0,240.0,251.0,314.0,30.0,27.0,24.0,35.0,-2.0,-1.0,1,26.7,15.6,0.0
2018-06-01,COL,LAD,235.0,252.0,240.0,217.0,30.0,26.0,26.0,30.0,-1.0,-1.0,0,32.8,9.4,0.0
2018-06-01,MIN,CLE,218.0,240.0,281.0,249.0,22.0,30.0,30.0,25.0,-3.0,6.0,1,29.4,18.9,0.0
2018-06-01,STL,PIT,237.0,212.0,265.0,254.0,30.0,24.0,29.0,27.0,1.0,-1.0,0,35.6,21.7,0.0
2018-06-01,SFG,PHI,230.0,279.0,238.0,201.0,26.0,30.0,31.0,23.0,1.0,1.0,1,20.0,10.0,0.0
2018-06-02,BAL,NYY,210.0,301.0,303.0,230.0,17.0,40.0,36.0,18.0,-6.0,3.0,0,31.1,22.8,8.0
2018-06-02,SDP,CIN,224.0,274.0,240.0,302.0,25.0,34.0,21.0,37.0,-1.0,2.0,1,22.2,15.6,0.0
2018-06-02,CHW,MIL,217.0,296.0,248.0,219.0,17.0,37.0,36.0,22.0,1.0,-1.0,0,23.3,11.7,137.0
2018-06-02,HOU,BOS,294.0,165.0,306.0,223.0,37.0,22.0,39.0,19.0,2.0,-2.0,0,34.4,23.9,0.0
2018-06-03,DET,TOR,252.0,263.0,262.0,293.0,28.0,30.0,25.0,33.0,4.0,-5.0,0,24.4,12.8,218.0
2018-06-03,SEA,TBR,253.0,237.0,237.0,240.0,36.0,22.0,28.0,29.0,3.0,-3.0,1,17.8,11.1,3.0
2018-06-03,ARI,MIA,224.0,201.0,195.0,307.0,30.0,27.0,20.0,38.0,2.0,-5.0,1,42.2,24.4,0.0
2018-06-03,NYM,CHC,230.0,259.0,291.0,200.0,27.0,29.0,32.0,23.0,-3.0,3.0,0,19.4,11.7,76.0
2018-06-03,KCR,OAK,235.0,329.0,264.0,256.0,21.0,37.0,30.0,29.0,1.0,-1.0,0,27.2,16.7,0.0
2018-06-04,DET,NYY,256.0,271.0,311.0,235.0,28.0,31.0,37.0,18.0,-1.0,4.0,0,22.8,15.6,0.0
2018-06-05,TOR,NYY,270.0,297.0,320.0,243.0,26.0,33.0,38.0,19.0,1.0,-1.0,0,17.5,11.0,0.0
2018-06-05,NYM,BAL,230.0,261.0,215.0,309.0,27.0,30.0,17.0,41.0,-4.0,-7.0,0,25.0,15.0,0.0
2018-06-05,SDP,ATL,249.0,283.0,297.0,242.0,28.0,34.0,35.0,25.0,3.0,-1.0,0,19.4,16.7,0.0
2018-06-05,HOU,SEA,301.0,179.0,255.0,238.0,37.0,24.0,37.0,22.0,-2.0,4.0,0,35.0,23.3,0.0
2018-06-05,LAA,KCR,283.0,250.0,242.0,343.0,33.0,28.0,21.0,39.0,2.0,-2.0,1,26.1,14.4,0.0
2018-06-05,TEX,OAK,255.0,325.0,269.0,257.0,25.0,37.0,31.0,29.0,-1.0,1.0,1,27.8,20.0,79.0
2018-06-06,CIN,COL,251.0,325.0,263.0,291.0,21.0,40.0,31.0,29.0,-3.0,1.0,0,25.0,13.9,0.0
2018-06-06,CLE,MIL,294.0,272.0,256.0,228.0,31.0,28.0,37.0,24.0,1.0,-2.0,1,17.2,12.2,0.0
2018-06-06,WSN,TBR,256.0,206.0,240.0,246.0,35.0,25.0,28.0,31.0,1.0,-5.0,1,25.6,17.2,0.0
2018-06-06,SFG,ARI,254.0,286.0,236.0,214.0,30.0,31.0,32.0,28.0,-1.0,1.0,1,15.6,10.6,0.0
2018-06-06,CHC,PHI,294.0,206.0,245.0,214.0,33.0,24.0,32.0,26.0,-1.0,1.0,1,26.7,11.1,10.0
2018-06-07,TBR,SEA,242.0,257.0,267.0,246.0,28.0,32.0,38.0,23.0,-6.0,-1.0,0,31.7,23.9,3.0
2018-06-07,PIT,LAD,282.0,276.0,287.0,247.0,31.0,30.0,30.0,31.0,1.0,-1.0,0,23.3,8.3,0.0
2018-06-07,STL,MIA,252.0,236.0,214.0,320.0,32.0,27.0,22.0,39.0,-2.0,2.0,1,34.4,23.3,0.0
2018-06-07,MIN,CHW,248.0,263.0,236.0,311.0,26.0,32.0,20.0,39.0,-2.0,2.0,1,25.6,15.0,5.0
2018-06-07,BOS,DET,333.0,231.0,265.0,293.0,43.0,19.0,29.0,34.0,4.0,-2.0,0,22.2,12.2,0.0
2018-06-08,TOR,BAL,277.0,311.0,222.0,315.0,27.0,35.0,19.0,42.0,1.0,-1.0,1,23.0,13.5,0.0
2018-06-08,DET,CLE,272.0,295.0,297.0,273.0,30.0,34.0,32.0,28.0,1.0,2.0,0,27.2,15.0,0.0
2018-06-08,CHC,PIT,305.0,214.0,289.0,284.0,35.0,24.0,31.0,31.0,2.0,-1.0,1,22.8,16.1,58.0
2018-06-08,WSN,SFG,267.0,208.0,259.0,290.0,36.0,25.0,31.0,31.0,2.0,1.0,0,28.9,18.3,244.0
2018-06-08,PHI,MIL,253.0,225.0,257.0,231.0,32.0,28.0,37.0,25.0,-2.0,-3.0,0,27.8,15.0,0.0
2018-06-08,BOS,CHW,335.0,238.0,238.0,318.0,43.0,20.0,20.0,40.0,-1.0,-1.0,0,27.2,12.8,0.0
2018-06-09,LAD,ATL,302.0,257.0,315.0,253.0,32.0,31.0,36.0,27.0,2.0,-2.0,0,27.8,16.7,0.0
2018-06-09,MIN,LAA,257.0,269.0,292.0,255.0,27.0,33.0,36.0,28.0,-1.0,5.0,0,23.3,17.2,0.0
2018-06-09,TEX,HOU,275.0,343.0,321.0,196.0,27.0,39.0,40.0,25.0,-2.0,3.0,0,34.4,23.3,0.0
2018-06-09,OAK,KCR,286.0,275.0,248.0,359.0,33.0,31.0,21.0,43.0,2.0,-6.0,0,20.0,12.8,0.0
2018-06-10,CIN,STL,271.0,349.0,269.0,247.0,22.0,43.0,35.0,27.0,-2.0,3.0,1,28.3,18.9,0.0
2018-06-10,NYM,NYY,235.0,272.0,338.0,249.0,27.0,34.0,42.0,19.0,-8.0,4.0,1,22.8,16.1,3.0
2018-06-10,MIA,SDP,223.0,329.0,258.0,306.0,23.0,41.0,30.0,36.0,-1.0,1.0,0,29.4,24.4,3.0
2018-06-10,COL,ARI,285.0,322.0,261.0,230.0,32.0,32.0,34.0,29.0,-3.0,2.0,0,34.4,11.1,0.0
2018-06-11,TBR,TOR,260.0,274.0,299.0,318.0,29.0,35.0,30.0,35.0,-1.0,4.0,1,31.7,25.0,0.0
2018-06-11,MIA,SFG,224.0,332.0,275.0,302.0,23.0,42.0,33.0,32.0,-2.0,1.0,1,29.4,23.9,13.0
2018-06-12,SEA,LAA,289.0,267.0,302.0,268.0,42.0,24.0,37.0,30.0,2.0,-2.0,1,20.0,9.4,0.0
2018-06-12,NYY,WSN,338.0,251.0,279.0,224.0,42.0,20.0,37.0,27.0,-1.0,-1.0,1,23.9,13.9,0.0
2018-06-12,MIL,CHC,286.0,249.0,318.0,224.0,39.0,27.0,38.0,25.0,-2.0,1.0,1,23.9,15.0,0.0
2018-06-12,STL,SDP,277.0,255.0,263.0,312.0,36.0,28.0,31.0,37.0,1.0,-1.0,0,32.8,24.4,0.0
2018-06-12,OAK,HOU,289.0,279.0,333.0,206.0,34.0,32.0,42.0,25.0,1.0,5.0,0,23.9,12.2,0.0
2018-06-13,BAL,BOS,233.0,345.0,349.0,250.0,19.0,47.0,46.0,22.0,-6.0,2.0,0,30.6,20.6,0.0
2018-06-13,ATL,NYM,330.0,265.0,239.0,280.0,38.0,28.0,28.0,35.0,1.0,-1.0,1,31.1,22.2,290.0
2018-06-13,KCR,CIN,253.0,367.0,282.0,353.0,22.0,45.0,24.0,43.0,-2.0,2.0,0,30.6,19.4,0.0
2018-06-13,LAD,TEX,324.0,269.0,290.0,367.0,34.0,32.0,27.0,42.0,2.0,-5.0,1,26.7,16.1,0.0
2018-06-13,ARI,PIT,291.0,246.0,310.0,312.0,37.0,29.0,32.0,35.0,5.0,-2.0,0,42.8,30.6,0.0
2018-06-13,DET,MIN,283.0,316.0,271.0,280.0,31.0,37.0,29.0,34.0,-2.0,2.0,1,30.0,20.0,0.0
2018-06-13,PHI,COL,269.0,256.0,292.0,335.0,34.0,30.0,32.0,34.0,2.0,-5.0,0,27.2,18.3,0.0
2018-06-14,CHW,CLE,254.0,331.0,319.0,288.0,24.0,42.0,35.0,31.0,2.0,-2.0,0,27.2,16.7,0.0
2018-06-15,BAL,MIA,234.0,350.0,242.0,348.0,19.0,48.0,26.0,43.0,-7.0,-1.0,0,28.9,20.6,0.0
2018-06-15,SEA,BOS,304.0,278.0,356.0,252.0,44.0,25.0,48.0,22.0,-1.0,4.0,1,22.2,10.0,0.0
2018-06-15,OAK,LAA,300.0,305.0,311.0,282.0,34.0,35.0,37.0,32.0,-3.0,-4.0,0,17.8,13.3,0.0
2018-06-15,CLE,MIN,324.0,290.0,274.0,288.0,36.0,31.0,29.0,36.0,1.0,-2.0,0,23.3,17.2,0.0
2018-06-15,MIL,PHI,291.0,249.0,280.0,266.0,41.0,27.0,35.0,31.0,2.0,1.0,1,23.9,13.9,130.0
2018-06-16,TOR,WSN,310.0,336.0,289.0,237.0,31.0,38.0,38.0,29.0,1.0,-1.0,1,29.5,13.5,0.0
2018-06-16,NYY,TBR,354.0,259.0,276.0,288.0,45.0,21.0,32.0,37.0,2.0,-2.0,1,29.4,17.8,0.0
2018-06-16,STL,CHC,286.0,276.0,331.0,234.0,36.0,31.0,39.0,27.0,-3.0,1.0,0,35.6,25.0,0.0
2018-06-17,ATL,SDP,340.0,276.0,282.0,324.0,41.0,29.0,34.0,39.0,1.0,-1.0,1,31.7,21.7,0.0
2018-06-17,PIT,CIN,324.0,320.0,293.0,362.0,35.0,35.0,25.0,45.0,3.0,-2.0,0,31.1,20.0,0.0
2018-06-17,LAD,SFG,333.0,274.0,294.0,326.0,37.0,32.0,34.0,37.0,5.0,-2.0,0,21.1,16.1,0.0
2018-06-17,TEX,COL,302.0,381.0,313.0,356.0,28.0,44.0,34.0,36.0,1.0,-1.0,1,34.4,24.4,0.0
2018-06-17,CHW,DET,264.0,347.0,302.0,327.0,24.0,45.0,35.0,37.0,-3.0,4.0,0,35.0,25.6,0.0
2018-06-17,KCR,HOU,258.0,391.0,376.0,222.0,22.0,48.0,47.0,25.0,-5.0,10.0,0,35.0,23.9,0.0
2018-06-17,ARI,NYM,309.0,262.0,250.0,296.0,39.0,31.0,29.0,38.0,-1.0,1.0,0,37.8,23.3,0.0
2018-06-18,KCR,TEX,262.0,398.0,315.0,393.0,22.0,49.0,29.0,44.0,-6.0,2.0,0,35.0,23.3,0.0
2018-06-18,PIT,MIL,330.0,328.0,314.0,265.0,35.0,36.0,42.0,29.0,-1.0,-2.0,1,32.2,21.7,0.0
2018-06-18,WSN,NYY,295.0,247.0,359.0,263.0,38.0,31.0,46.0,22.0,-3.0,-1.0,0,33.3,23.3,0.0
2018-06-18,COL,NYM,325.0,369.0,255.0,299.0,34.0,37.0,30.0,38.0,-2.0,2.0,0,22.8,12.8,109.0
2018-06-18,PHI,STL,296.0,289.0,294.0,282.0,37.0,32.0,37.0,32.0,2.0,1.0,1,33.9,20.6,0.0
2018-06-19,LAA,ARI,332.0,305.0,319.0,271.0,38.0,35.0,40.0,32.0,-3.0,1.0,1,26.7,10.0,0.0
2018-06-19,CIN,DET,301.0,368.0,305.0,328.0,26.0,45.0,36.0,37.0,1.0,5.0,1,33.9,21.7,3.0
2018-06-19,CHC,LAD,337.0,242.0,334.0,278.0,40.0,28.0,37.0,33.0,-1.0,-1.0,0,28.9,18.9,25.0
2018-06-19,CLE,CHW,340.0,308.0,267.0,356.0,38.0,33.0,24.0,47.0,2.0,-5.0,1,25.0,20.6,74.0
2018-06-20,TOR,ATL,324.0,353.0,355.0,281.0,33.0,39.0,43.0,29.0,-1.0,3.0,1,24.0,15.0,2.0
2018-06-20,NYY,SEA,370.0,267.0,317.0,300.0,48.0,22.0,46.0,27.0,2.0,-2.0,1,28.3,20.6,23.0
2018-06-20,SFG,MIA,308.0,335.0,261.0,372.0,36.0,38.0,29.0,45.0,1.0,-1.0,1,15.0,11.1,0.0
2018-06-20,SDP,OAK,285.0,332.0,320.0,324.0,34.0,41.0,37.0,36.0,-3.0,3.0,0,21.7,17.8,0.0
2018-06-20,HOU,TBR,389.0,232.0,286.0,299.0,49.0,26.0,34.0,39.0,-1.0,1.0,1,30.6,23.9,180.0
2018-06-21,WSN,BAL,306.0,261.0,258.0,370.0,39.0,33.0,21.0,51.0,-1.0,1.0,1,30.0,22.2,0.0
2018-06-21,MIN,BOS,300.0,301.0,374.0,273.0,33.0,37.0,49.0,26.0,2.0,-2.0,0,26.7,20.0,0.0
2018-06-22,ATL,BAL,359.0,286.0,260.0,374.0,43.0,30.0,21.0,52.0,-1.0,-1.0,0,32.8,22.2,119.0
2018-06-22,SFG,SDP,317.0,340.0,289.0,347.0,38.0,38.0,34.0,43.0,3.0,-5.0,0,21.7,11.7,0.0
2018-06-23,LAA,TOR,347.0,315.0,335.0,367.0,41.0,35.0,34.0,41.0,3.0,-2.0,0,27.8,8.3,0.0
2018-06-23,CIN,CHC,327.0,381.0,351.0,259.0,30.0,45.0,42.0,31.0,5.0,-2.0,1,26.7,18.9,23.0
2018-06-23,CLE,DET,368.0,311.0,313.0,352.0,41.0,33.0,36.0,40.0,5.0,-3.0,1,23.9,18.9,48.0
2018-06-23,COL,MIA,364.0,404.0,269.0,389.0,38.0,38.0,29.0,47.0,4.0,-3.0,0,30.6,11.1,0.0
2018-06-23,WSN,PHI,312.0,275.0,324.0,306.0,40.0,34.0,40.0,33.0,-1.0,2.0,0,27.2,19.4,15.0
2018-06-23,HOU,KCR,394.0,234.0,269.0,411.0,50.0,27.0,23.0,52.0,-1.0,1.0,1,33.9,23.9,0.0
2018-06-24,BOS,SEA,399.0,292.0,342.0,327.0,51.0,27.0,47.0,30.0,-1.0,1.0,1,25.0,15.0,66.0
2018-06-24,NYM,LAD,292.0,340.0,352.0,292.0,31.0,43.0,40.0,35.0,-5.0,2.0,0,31.1,18.3,3.0
2018-06-24,MIN,TEX,309.0,327.0,345.0,406.0,33.0,40.0,34.0,44.0,-3.0,7.0,1,28.9,18.9,0.0
2018-06-24,PIT,ARI,339.0,349.0,341.0,282.0,36.0,40.0,43.0,33.0,-4.0,3.0,0,26.1,17.8,15.0
2018-06-24,TBR,NYY,293.0,305.0,382.0,281.0,36.0,40.0,50.0,24.0,2.0,-2.0,1,35.0,23.9,241.0
2018-06-24,MIL,STL,332.0,275.0,316.0,313.0,45.0,31.0,39.0,36.0,-1.0,1.0,0,22.2,15.0,0.0
2018-06-24,CHW,OAK,284.0,396.0,354.0,342.0,25.0,51.0,40.0,37.0,-1.0,1.0,1,27.8,18.3,0.0
2018-06-25,KCR,LAA,275.0,426.0,354.0,326.0,23.0,54.0,41.0,37.0,-2.0,-2.0,1,29.4,20.0,25.0
2018-06-25,PHI,NYY,335.0,317.0,388.0,288.0,41.0,34.0,50.0,25.0,-1.0,-3.0,0,27.8,19.4,0.0
2018-06-26,HOU,TOR,412.0,246.0,352.0,377.0,52.0,28.0,37.0,41.0,-1.0,3.0,1,33.9,25.0,0.0
2018-06-26,BAL,SEA,283.0,398.0,347.0,335.0,23.0,54.0,48.0,31.0,-2.0,1.0,0,30.0,19.4,0.0
2018-06-26,BOS,LAA,404.0,292.0,354.0,328.0,52.0,27.0,41.0,38.0,1.0,-3.0,1,26.1,15.6,0.0
2018-06-26,STL,CLE,328.0,315.0,384.0,318.0,41.0,36.0,43.0,34.0,3.0,-1.0,1,27.8,20.6,208.0
2018-06-26,TEX,SDP,352.0,412.0,304.0,364.0,35.0,45.0,35.0,46.0,1.0,-3.0,0,33.9,23.3,0.0
2018-06-26,CHW,MIN,294.0,399.0,311.0,327.0,26.0,51.0,34.0,40.0,1.0,1.0,1,29.4,19.4,244.0
2018-06-26,TBR,WSN,311.0,311.0,323.0,297.0,38.0,40.0,41.0,36.0,4.0,-1.0,1,32.8,25.0,0.0
2018-06-26,MIL,KCR,334.0,283.0,277.0,426.0,45.0,32.0,24.0,54.0,-2.0,1.0,1,22.2,16.7,345.0
2018-06-26,DET,OAK,320.0,373.0,362.0,356.0,36.0,43.0,41.0,38.0,-6.0,1.0,0,25.6,11.7,3.0
2018-06-27,ATL,CIN,386.0,315.0,355.0,397.0,45.0,33.0,33.0,46.0,-1.0,1.0,0,32.2,21.7,46.0
2018-06-27,LAD,CHC,366.0,309.0,369.0,284.0,42.0,36.0,43.0,34.0,-1.0,1.0,1,26.7,17.2,0.0
2018-06-27,NYM,PIT,307.0,357.0,348.0,360.0,32.0,45.0,37.0,42.0,1.0,-1.0,0,23.9,20.0,18.0
2018-06-28,MIA,ARI,296.0,408.0,356.0,295.0,32.0,49.0,46.0,34.0,-2.0,2.0,0,33.3,23.9,36.0
2018-06-28,SFG,COL,331.0,353.0,373.0,422.0,42.0,39.0,38.0,42.0,4.0,-4.0,0,18.9,12.2,0.0
2018-06-29,STL,ATL,340.0,322.0,391.0,321.0,42.0,37.0,45.0,34.0,-1.0,-2.0,0,35.0,22.8,0.0
2018-06-29,CIN,MIL,365.0,408.0,349.0,293.0,34.0,47.0,47.0,33.0,-1.0,1.0,0,32.2,18.9,0.0
2018-06-29,LAD,COL,378.0,325.0,382.0,430.0,43.0,37.0,39.0,42.0,-1.0,1.0,0,26.1,18.9,0.0
2018-06-29,TEX,CHW,359.0,417.0,309.0,406.0,36.0,46.0,28.0,52.0,1.0,-1.0,1,37.2,25.0,0.0
2018-06-29,SDP,PIT,309.0,371.0,353.0,363.0,36.0,47.0,38.0,42.0,-1.0,1.0,0,19.4,17.2,0.0
2018-06-29,NYY,BOS,398.0,293.0,426.0,301.0,52.0,26.0,55.0,27.0,-1.0,4.0,1,31.7,21.1,0.0
2018-06-29,MIA,NYM,296.0,412.0,310.0,362.0,32.0,50.0,32.0,46.0,-3.0,-1.0,1,32.2,23.9,0.0
2018-06-29,TBR,HOU,312.0,312.0,427.0,252.0,39.0,41.0,55.0,28.0,-1.0,3.0,1,30.0,26.1,0.0
2018-06-30,TOR,DET,361.0,393.0,331.0,392.0,38.0,43.0,36.0,47.0,1.0,-10.0,1,33.5,21.0,0.0
2018-06-30,SEA,KCR,366.0,347.0,284.0,439.0,52.0,31.0,25.0,56.0,5.0,-1.0,1,18.3,14.4,5.0
2018-06-30,PHI,WSN,351.0,347.0,343.0,309.0,43.0,37.0,42.0,38.0,-1.0,1.0,1,35.0,21.7,0.0
2018-06-30,ARI,SFG,361.0,297.0,341.0,363.0,47.0,35.0,43.0,40.0,-1.0,1.0,0,40.0,26.1,0.0
2018-07-01,BAL,LAA,297.0,426.0,376.0,353.0,23.0,59.0,43.0,41.0,-7.0,2.0,1,35.0,26.1,0.0
2018-07-01,OAK,CLE,388.0,368.0,394.0,340.0,46.0,38.0,44.0,37.0,6.0,-2.0,0,19.4,12.8,0.0
2018-07-01,CHC,MIN,409.0,311.0,333.0,366.0,46.0,35.0,35.0,44.0,3.0,-2.0,1,34.4,24.4,3.0
2018-07-02,NYY,ATL,417.0,306.0,413.0,331.0,54.0,27.0,48.0,34.0,1.0,3.0,0,35.0,26.1,0.0
2018-07-03,TOR,NYM,368.0,408.0,319.0,377.0,39.0,45.0,33.0,48.0,-2.0,1.0,1,28.5,18.0,0.0
2018-07-03,LAD,PIT,403.0,336.0,370.0,392.0,45.0,39.0,40.0,44.0,2.0,-1.0,1,26.7,17.8,0.0
2018-07-03,TEX,HOU,388.0,434.0,433.0,263.0,38.0,47.0,55.0,31.0,-1.0,-3.0,0,38.3,25.6,0.0
2018-07-03,MIL,MIN,368.0,320.0,348.0,383.0,49.0,35.0,35.0,46.0,1.0,-4.0,1,29.4,16.7,0.0
2018-07-03,COL,SFG,397.0,440.0,359.0,374.0,42.0,43.0,45.0,41.0,1.0,-1.0,1,34.4,15.0,0.0
2018-07-03,CHC,DET,420.0,321.0,346.0,399.0,47.0,35.0,38.0,48.0,4.0,2.0,1,32.8,20.0,0.0
2018-07-03,ARI,STL,370.0,319.0,356.0,347.0,47.0,38.0,43.0,40.0,-4.0,1.0,1,43.3,27.8,0.0
2018-07-03,OAK,SDP,391.0,383.0,321.0,387.0,46.0,39.0,37.0,49.0,-1.0,-1.0,1,21.7,12.8,0.0
2018-07-04,PHI,BAL,361.0,354.0,307.0,431.0,46.0,37.0,24.0,60.0,3.0,-1.0,1,34.4,23.3,0.0
2018-07-04,CIN,CHW,400.0,436.0,341.0,448.0,37.0,49.0,30.0,55.0,-1.0,1.0,1,35.6,21.1,0.0
2018-07-04,KCR,CLE,295.0,461.0,424.0,350.0,25.0,60.0,47.0,37.0,-5.0,3.0,0,35.0,23.3,0.0
2018-07-04,MIA,TBR,320.0,432.0,334.0,327.0,35.0,52.0,43.0,42.0,-1.0,1.0,1,31.7,23.3,15.0
2018-07-04,WSN,BOS,355.0,331.0,454.0,327.0,42.0,42.0,58.0,29.0,-4.0,2.0,0,33.9,26.7,0.0
2018-07-05,SEA,LAA,381.0,359.0,386.0,369.0,55.0,32.0,44.0,43.0,-1.0,1.0,1,30.0,14.4,0.0
2018-07-06,SEA,COL,385.0,360.0,406.0,441.0,56.0,32.0,44.0,43.0,1.0,3.0,0,26.7,16.7,0.0
2018-07-06,CLE,OAK,427.0,352.0,401.0,387.0,48.0,37.0,48.0,39.0,4.0,2.0,1,23.9,20.0,170.0
2018-07-06,DET,TEX,356.0,416.0,402.0,449.0,38.0,51.0,39.0,49.0,-3.0,1.0,1,26.1,16.1,0.0
2018-07-06,WSN,MIA,369.0,346.0,335.0,446.0,43.0,43.0,36.0,53.0,1.0,-1.0,1,31.7,26.1,0.0
2018-07-06,HOU,CHW,447.0,273.0,348.0,459.0,58.0,31.0,30.0,57.0,3.0,-2.0,1,33.3,23.9,18.0
2018-07-06,NYM,TBR,331.0,388.0,334.0,330.0,34.0,49.0,43.0,43.0,1.0,-1.0,1,28.3,21.1,23.0
2018-07-07,TOR,NYY,385.0,422.0,436.0,324.0,41.0,46.0,56.0,29.0,1.0,-1.0,0,26.0,15.0,0.0
2018-07-07,MIN,BAL,361.0,392.0,312.0,446.0,37.0,48.0,24.0,63.0,2.0,-4.0,1,29.4,22.2,0.0
2018-07-07,MIL,ATL,385.0,328.0,431.0,360.0,53.0,35.0,49.0,38.0,5.0,-4.0,0,26.7,14.4,0.0
2018-07-07,CHC,CIN,432.0,329.0,410.0,442.0,49.0,36.0,39.0,49.0,-1.0,2.0,1,27.2,17.2,0.0
2018-07-07,KCR,BOS,302.0,474.0,467.0,332.0,25.0,62.0,60.0,29.0,-7.0,4.0,0,32.8,20.0,0.0
2018-07-07,ARI,SDP,384.0,336.0,332.0,403.0,49.0,40.0,38.0,52.0,1.0,-1.0,1,45.0,32.8,0.0
2018-07-08,LAA,LAD,391.0,378.0,422.0,347.0,45.0,45.0,48.0,40.0,-1.0,1.0,1,40.6,20.0,0.0
2018-07-08,PIT,PHI,384.0,426.0,385.0,362.0,40.0,48.0,49.0,37.0,-5.0,6.0,1,27.8,13.9,0.0
2018-07-08,SFG,STL,367.0,399.0,382.0,362.0,46.0,45.0,46.0,42.0,-1.0,1.0,1,19.4,12.2,0.0
2018-07-09,BAL,NYY,317.0,461.0,446.0,330.0,24.0,65.0,58.0,29.0,-6.0,2.0,1,31.7,20.0,0.0
2018-07-09,SDP,LAD,341.0,426.0,425.0,351.0,39.0,53.0,48.0,41.0,1.0,-1.0,0,28.3,23.3,0.0
2018-07-09,MIA,MIL,351.0,469.0,396.0,336.0,37.0,55.0,54.0,36.0,1.0,1.0,1,33.3,26.1,0.0
2018-07-09,SFG,CHC,380.0,407.0,446.0,341.0,47.0,45.0,51.0,36.0,1.0,2.0,1,23.3,12.8,0.0
2018-07-09,NYM,PHI,336.0,401.0,386.0,366.0,35.0,51.0,49.0,38.0,-2.0,-1.0,1,32.2,20.6,0.0
2018-07-10,CLE,CIN,445.0,375.0,429.0,461.0,49.0,40.0,40.0,51.0,-3.0,1.0,0,26.7,21.7,0.0
2018-07-10,CHW,STL,359.0,484.0,390.0,375.0,30.0,60.0,46.0,43.0,-5.0,-1.0,0,30.6,23.3,0.0
2018-07-10,TBR,DET,357.0,344.0,375.0,432.0,46.0,44.0,40.0,53.0,3.0,-2.0,1,33.3,25.0,0.0
2018-07-11,ATL,TOR,441.0,377.0,397.0,434.0,50.0,40.0,42.0,48.0,-2.0,1.0,1,33.9,22.8,0.0
2018-07-11,LAA,SEA,404.0,384.0,396.0,385.0,47.0,45.0,57.0,35.0,2.0,-1.0,0,33.9,18.9,0.0
2018-07-11,BOS,TEX,502.0,344.0,412.0,472.0,64.0,29.0,40.0,53.0,8.0,-2.0,1,23.9,18.9,48.0
2018-07-11,PIT,WSN,395.0,435.0,400.0,369.0,42.0,49.0,46.0,45.0,-1.0,1.0,1,27.8,16.7,0.0
2018-07-11,MIN,KCR,383.0,407.0,320.0,503.0,40.0,49.0,26.0,65.0,-1.0,1.0,1,31.1,22.8,0.0
2018-07-11,COL,ARI,425.0,454.0,412.0,348.0,46.0,45.0,51.0,41.0,-2.0,1.0,1,36.7,15.0,0.0
2018-07-11,HOU,OAK,478.0,291.0,424.0,406.0,62.0,32.0,51.0,41.0,1.0,-1.0,0,34.4,24.4,0.0
2018-07-12,BAL,PHI,330.0,489.0,399.0,377.0,26.0,67.0,51.0,40.0,-1.0,-1.0,0,32.8,22.8,0.0
2018-07-12,CLE,NYY,468.0,386.0,474.0,343.0,50.0,41.0,60.0,31.0,1.0,1.0,0,27.2,18.3,0.0
2018-07-12,NYM,WSN,347.0,414.0,400.0,371.0,37.0,53.0,46.0,46.0,1.0,-1.0,0,29.4,19.4,150.0
2018-07-13,BAL,TEX,334.0,494.0,414.0,476.0,26.0,68.0,40.0,54.0,-2.0,-3.0,0,31.7,22.2,0.0
2018-07-13,COL,SEA,449.0,457.0,401.0,396.0,48.0,45.0,58.0,36.0,2.0,-1.0,1,30.6,15.0,0.0
2018-07-13,LAD,LAA,441.0,361.0,415.0,389.0,51.0,42.0,48.0,46.0,2.0,1.0,1,28.3,20.6,0.0
2018-07-14,BOS,TOR,519.0,363.0,419.0,456.0,66.0,30.0,43.0,50.0,-1.0,1.0,1,24.4,17.2,79.0
2018-07-14,STL,CIN,405.0,390.0,449.0,485.0,47.0,45.0,42.0,52.0,-2.0,1.0,0,37.8,22.8,71.0
2018-07-14,SDP,CHC,355.0,447.0,458.0,352.0,40.0,57.0,53.0,38.0,-3.0,1.0,0,26.7,21.7,0.0
2018-07-14,CHW,KCR,374.0,504.0,331.0,520.0,32.0,61.0,26.0,67.0,2.0,-2.0,0,26.7,22.8,58.0
2018-07-15,ATL,ARI,451.0,387.0,420.0,373.0,51.0,42.0,53.0,43.0,-2.0,2.0,1,32.2,23.3,3.0
2018-07-15,PIT,MIL,418.0,444.0,420.0,370.0,47.0,49.0,55.0,42.0,5.0,-5.0,1,31.7,21.7,84.0
2018-07-15,MIA,PHI,366.0,486.0,406.0,383.0,40.0,57.0,53.0,41.0,1.0,-1.0,1,32.8,24.4,0.0
2018-07-15,MIN,TBR,413.0,440.0,394.0,370.0,43.0,50.0,49.0,46.0,-1.0,1.0,1,31.7,22.2,0.0
2018-07-15,SFG,OAK,397.0,419.0,443.0,423.0,50.0,47.0,54.0,42.0,-1.0,1.0,0,18.3,12.8,0.0
2018-07-15,HOU,DET,497.0,306.0,380.0,453.0,64.0,34.0,40.0,57.0,2.0,-6.0,0,35.0,25.6,0.0
2018-07-20,WSN,ATL,417.0,387.0,456.0,388.0,48.0,48.0,52.0,42.0,1.0,1.0,0,30.0,21.7,0.0
2018-07-20,LAA,HOU,425.0,401.0,500.0,312.0,49.0,48.0,64.0,35.0,-1.0,-1.0,0,31.7,18.9,0.0
2018-07-20,CIN,PIT,461.0,493.0,425.0,450.0,43.0,53.0,48.0,49.0,-1.0,6.0,0,23.9,18.3,325.0
2018-07-20,MIL,LAD,426.0,377.0,453.0,371.0,55.0,43.0,53.0,43.0,-6.0,1.0,0,25.0,20.0,503.0
2018-07-20,TEX,CLE,424.0,487.0,487.0,405.0,41.0,56.0,52.0,43.0,-2.0,1.0,0,41.7,27.8,0.0
2018-07-20,TBR,MIA,401.0,381.0,376.0,491.0,49.0,47.0,41.0,57.0,-1.0,2.0,0,31.1,25.6,198.0
2018-07-21,SEA,CHW,415.0,415.0,385.0,513.0,59.0,39.0,33.0,63.0,1.0,-1.0,0,25.6,11.1,0.0
2018-07-21,NYY,NYM,498.0,369.0,370.0,436.0,62.0,34.0,40.0,55.0,-2.0,1.0,1,26.1,18.3,160.0
2018-07-21,ARI,COL,431.0,389.0,478.0,478.0,53.0,45.0,52.0,45.0,-2.0,6.0,0,38.9,26.1,3.0
2018-07-21,CHC,STL,490.0,386.0,437.0,416.0,56.0,39.0,49.0,47.0,-1.0,1.0,1,25.6,20.6,13.0
2018-07-22,TOR,BAL,435.0,475.0,353.0,516.0,45.0,52.0,28.0,71.0,2.0,-2.0,1,24.0,15.0,213.0
2018-07-22,KCR,MIN,347.0,537.0,431.0,457.0,29.0,68.0,44.0,52.0,2.0,-2.0,1,31.7,20.0,0.0
2018-07-22,PHI,SDP,422.0,398.0,370.0,476.0,54.0,42.0,40.0,60.0,1.0,-6.0,0,30.6,20.6,61.0
2018-07-22,DET,BOS,391.0,457.0,531.0,372.0,42.0,58.0,69.0,31.0,1.0,-1.0,0,22.8,17.2,28.0
2018-07-23,BAL,BOS,357.0,521.0,540.0,373.0,28.0,72.0,70.0,31.0,-3.0,1.0,0,30.0,24.4,206.0
2018-07-23,PHI,LAD,429.0,408.0,472.0,381.0,55.0,43.0,55.0,44.0,1.0,1.0,0,30.0,25.0,0.0
2018-07-23,CLE,PIT,512.0,421.0,452.0,455.0,54.0,44.0,51.0,49.0,-1.0,9.0,0,26.7,19.4,135.0
2018-07-23,TEX,OAK,440.0,512.0,460.0,438.0,42.0,58.0,57.0,43.0,1.0,2.0,0,42.2,27.2,0.0
2018-07-24,MIA,ATL,390.0,516.0,478.0,400.0,43.0,59.0,54.0,43.0,-2.0,1.0,1,31.1,23.9,351.0
2018-07-24,MIL,WSN,442.0,397.0,429.0,403.0,57.0,45.0,49.0,50.0,1.0,-1.0,1,28.9,18.3,0.0
2018-07-24,COL,HOU,485.0,489.0,515.0,327.0,53.0,46.0,66.0,36.0,-1.0,-1.0,0,26.1,15.6,23.0
2018-07-25,TOR,MIN,443.0,492.0,447.0,465.0,46.0,54.0,46.0,53.0,-2.0,2.0,0,29.0,21.0,0.0
2018-07-25,SEA,SFG,426.0,426.0,416.0,439.0,60.0,41.0,52.0,50.0,-1.0,1.0,1,31.1,15.0,0.0
2018-07-25,LAA,CHW,445.0,425.0,401.0,526.0,50.0,52.0,36.0,64.0,-2.0,2.0,1,36.7,19.4,0.0
2018-07-25,CIN,STL,470.0,525.0,452.0,437.0,44.0,57.0,51.0,50.0,-1.0,1.0,1,31.1,17.2,0.0
2018-07-25,TBR,NYY,421.0,404.0,515.0,382.0,51.0,50.0,64.0,35.0,-1.0,1.0,1,32.8,25.0,46.0
2018-07-25,KCR,DET,361.0,549.0,401.0,475.0,31.0,69.0,43.0,60.0,1.0,-1.0,0,32.2,17.8,0.0
2018-07-25,NYM,SDP,384.0,449.0,386.0,491.0,41.0,57.0,42.0,62.0,1.0,-1.0,1,27.2,23.3,193.0
2018-07-26,BAL,TBR,367.0,532.0,424.0,406.0,29.0,73.0,52.0,50.0,1.0,1.0,0,33.9,22.8,0.0
2018-07-26,CHC,ARI,511.0,409.0,455.0,400.0,59.0,42.0,56.0,47.0,1.0,-1.0,1,27.8,19.4,0.0
2018-07-27,HOU,TEX,525.0,332.0,464.0,553.0,67.0,37.0,42.0,62.0,-1.0,-4.0,0,36.1,24.4,0.0
2018-07-27,PIT,NYM,474.0,475.0,402.0,459.0,53.0,51.0,43.0,57.0,-2.0,3.0,1,26.7,17.8,165.0
2018-07-27,COL,OAK,490.0,499.0,501.0,462.0,54.0,47.0,61.0,43.0,1.0,6.0,1,27.8,15.0,0.0
2018-07-27,SFG,MIL,423.0,449.0,457.0,413.0,52.0,52.0,59.0,46.0,-2.0,1.0,0,15.0,11.7,0.0
2018-07-28,CHW,TOR,417.0,559.0,459.0,509.0,36.0,67.0,47.0,55.0,-3.0,1.0,1,27.8,16.1,0.0
2018-07-28,ATL,LAD,484.0,421.0,498.0,404.0,54.0,46.0,58.0,46.0,-3.0,2.0,0,32.2,22.2,0.0
2018-07-28,CIN,PHI,487.0,541.0,462.0,432.0,46.0,58.0,58.0,45.0,1.0,-1.0,1,27.2,15.0,0.0
2018-07-28,DET,CLE,412.0,487.0,528.0,440.0,44.0,61.0,56.0,46.0,-1.0,2.0,1,27.2,15.6,0.0
2018-07-28,NYY,KCR,524.0,387.0,367.0,564.0,65.0,36.0,31.0,71.0,1.0,-2.0,0,29.4,21.1,0.0
2018-07-28,BOS,MIN,556.0,388.0,464.0,476.0,72.0,33.0,48.0,54.0,1.0,-1.0,1,30.6,22.2,0.0
2018-07-28,SDP,ARI,392.0,503.0,467.0,409.0,42.0,64.0,57.0,48.0,-3.0,1.0,0,25.0,21.1,0.0
2018-07-29,LAA,SEA,483.0,444.0,437.0,443.0,54.0,52.0,61.0,43.0,4.0,-2.0,0,37.8,18.3,0.0
2018-07-29,MIA,WSN,405.0,539.0,460.0,417.0,45.0,61.0,52.0,52.0,1.0,-1.0,1,30.6,23.9,91.0
2018-07-29,STL,CHC,466.0,448.0,522.0,426.0,53.0,51.0,60.0,44.0,2.0,-2.0,0,23.3,19.4,51.0
2018-07-30,OAK,TOR,505.0,472.0,471.0,522.0,61.0,46.0,48.0,56.0,-3.0,1.0,1,19.4,12.8,0.0
2018-07-30,ATL,MIA,489.0,427.0,410.0,539.0,55.0,47.0,46.0,61.0,1.0,2.0,1,31.1,22.2,0.0
2018-07-30,SDP,SFG,400.0,517.0,433.0,464.0,42.0,66.0,53.0,54.0,-5.0,1.0,0,28.9,23.3,0.0
2018-07-30,BOS,PHI,569.0,392.0,464.0,442.0,74.0,33.0,58.0,47.0,3.0,-3.0,1,27.8,21.1,0.0
2018-07-31,NYY,BAL,540.0,404.0,407.0,548.0,67.0,37.0,32.0,74.0,2.0,3.0,1,27.8,20.0,0.0
2018-07-31,SEA,HOU,447.0,448.0,533.0,356.0,63.0,43.0,67.0,41.0,2.0,-5.0,0,27.2,16.1,0.0
2018-07-31,TBR,LAA,440.0,446.0,488.0,452.0,53.0,53.0,54.0,53.0,-3.0,-1.0,1,31.7,24.4,13.0
2018-07-31,ARI,TEX,486.0,426.0,495.0,566.0,59.0,49.0,46.0,62.0,-1.0,4.0,1,41.7,28.3,0.0
2018-08-01,DET,CIN,417.0,497.0,498.0,545.0,46.0,62.0,48.0,59.0,1.0,-1.0,1,26.7,18.9,155.0
2018-08-01,MIN,CLE,475.0,499.0,547.0,450.0,49.0,57.0,58.0,48.0,-1.0,1.0,0,30.6,20.0,20.0
2018-08-01,PIT,CHC,489.0,484.0,531.0,433.0,56.0,52.0,61.0,45.0,1.0,-1.0,0,25.6,19.4,74.0
2018-08-01,WSN,NYM,485.0,426.0,411.0,494.0,53.0,53.0,44.0,60.0,1.0,-1.0,1,31.7,23.3,64.0
2018-08-02,SEA,TOR,452.0,461.0,477.0,546.0,63.0,45.0,48.0,59.0,-2.0,-3.0,0,20.6,14.4,3.0
2018-08-02,LAD,MIL,512.0,419.0,482.0,431.0,60.0,49.0,63.0,48.0,1.0,-1.0,1,32.2,21.7,0.0
2018-08-02,STL,COL,482.0,466.0,513.0,517.0,55.0,53.0,58.0,49.0,1.0,-1.0,1,34.4,20.6,48.0
2018-08-02,CHC,SDP,540.0,435.0,405.0,525.0,62.0,45.0,42.0,68.0,1.0,-7.0,0,31.1,20.6,0.0
2018-08-02,CHW,KCR,437.0,585.0,398.0,587.0,37.0,70.0,34.0,73.0,-3.0,2.0,1,31.1,20.6,0.0
2018-08-03,NYM,ATL,416.0,503.0,509.0,438.0,44.0,62.0,58.0,47.0,-3.0,4.0,0,30.6,24.4,48.0
2018-08-03,PIT,STL,491.0,493.0,485.0,468.0,56.0,53.0,56.0,53.0,-1.0,2.0,1,25.6,20.0,10.0
2018-08-03,BOS,NYY,587.0,403.0,558.0,429.0,76.0,34.0,68.0,39.0,1.0,-2.0,1,32.8,25.0,15.0
2018-08-03,MIL,COL,487.0,452.0,515.0,520.0,63.0,49.0,58.0,50.0,-2.0,-2.0,1,24.4,18.3,0.0
2018-08-03,OAK,DET,529.0,478.0,424.0,501.0,64.0,46.0,47.0,62.0,3.0,2.0,1,22.8,11.1,0.0
2018-08-04,TEX,BAL,523.0,583.0,428.0,587.0,48.0,63.0,33.0,77.0,2.0,-2.0,1,35.6,23.9,0.0
2018-08-04,CLE,LAA,553.0,457.0,505.0,477.0,59.0,49.0,55.0,56.0,-1.0,1.0,1,28.3,21.1,0.0
2018-08-04,WSN,CIN,500.0,433.0,506.0,562.0,55.0,53.0,48.0,61.0,3.0,-3.0,0,32.2,22.8,28.0
2018-08-04,TBR,CHW,463.0,459.0,446.0,591.0,56.0,54.0,39.0,70.0,-1.0,2.0,0,35.0,26.1,0.0
2018-08-05,LAD,HOU,534.0,440.0,562.0,362.0,61.0,51.0,71.0,41.0,-2.0,4.0,1,31.7,20.0,0.0
2018-08-05,PHI,MIA,486.0,451.0,425.0,573.0,62.0,48.0,46.0,66.0,4.0,-5.0,1,33.3,22.8,0.0
2018-08-05,MIN,KCR,489.0,507.0,408.0,607.0,51.0,58.0,34.0,76.0,2.0,-3.0,1,26.1,22.8,10.0
2018-08-05,ARI,SFG,508.0,440.0,455.0,485.0,62.0,50.0,56.0,56.0,2.0,-2.0,0,45.0,32.8,0.0
2018-08-06,CHW,NYY,456.0,599.0,564.0,442.0,41.0,70.0,68.0,42.0,4.0,-5.0,0,29.4,22.2,15.0
2018-08-06,MIA,STL,428.0,578.0,501.0,480.0,46.0,67.0,58.0,54.0,-6.0,2.0,1,32.8,24.4,30.0
2018-08-06,SFG,HOU,458.0,487.0,564.0,365.0,57.0,56.0,71.0,42.0,1.0,-1.0,0,20.6,10.6,0.0
2018-08-06,KCR,CHC,413.0,613.0,557.0,459.0,34.0,77.0,64.0,47.0,-4.0,-1.0,0,35.6,22.8,0.0
2018-08-07,TBR,BAL,471.0,469.0,438.0,596.0,56.0,56.0,34.0,78.0,-3.0,1.0,1,33.3,25.0,183.0
2018-08-07,WSN,ATL,509.0,443.0,516.0,446.0,57.0,54.0,60.0,48.0,2.0,1.0,1,32.8,23.9,30.0
2018-08-07,ARI,PHI,513.0,445.0,493.0,457.0,63.0,51.0,63.0,49.0,1.0,-1.0,0,43.3,28.3,20.0
2018-08-08,TOR,BOS,506.0,568.0,610.0,416.0,51.0,61.0,80.0,34.0,-2.0,5.0,0,27.0,21.0,84.0
2018-08-08,TEX,SEA,546.0,601.0,472.0,497.0,50.0,65.0,65.0,49.0,1.0,-1.0,1,36.7,25.6,0.0
2018-08-08,LAA,DET,525.0,491.0,432.0,527.0,57.0,58.0,47.0,67.0,2.0,-5.0,1,37.8,19.4,0.0
2018-08-08,NYM,CIN,431.0,520.0,526.0,578.0,46.0,65.0,50.0,64.0,-1.0,1.0,1,33.9,25.0,0.0
2018-08-08,OAK,LAD,540.0,483.0,541.0,444.0,67.0,47.0,63.0,51.0,-1.0,2.0,1,21.7,12.8,0.0
2018-08-08,COL,PIT,531.0,547.0,513.0,513.0,60.0,53.0,58.0,56.0,-1.0,1.0,0,31.7,13.9,0.0
2018-08-09,CLE,MIN,577.0,465.0,500.0,529.0,63.0,50.0,53.0,60.0,1.0,-1.0,1,26.7,20.6,23.0
2018-08-09,SFG,PIT,460.0,492.0,517.0,516.0,57.0,58.0,59.0,56.0,-2.0,2.0,0,22.2,11.7,0.0
2018-08-09,MIL,SDP,517.0,479.0,444.0,555.0,66.0,51.0,45.0,71.0,1.0,-1.0,0,30.6,20.0,102.0
2018-08-10,HOU,SEA,575.0,375.0,487.0,514.0,73.0,43.0,66.0,50.0,-1.0,1.0,0,35.0,25.6,28.0
2018-08-10,CIN,ARI,526.0,586.0,521.0,450.0,50.0,65.0,64.0,52.0,-1.0,1.0,1,30.6,18.9,150.0
2018-08-10,MIA,NYM,433.0,589.0,439.0,520.0,47.0,69.0,47.0,65.0,-2.0,1.0,0,34.4,22.8,345.0
2018-08-11,TOR,TBR,519.0,590.0,491.0,481.0,52.0,63.0,59.0,57.0,-1.0,2.0,0,26.5,15.5,0.0
2018-08-11,LAA,OAK,535.0,494.0,546.0,489.0,59.0,58.0,68.0,48.0,4.0,-1.0,0,35.0,21.7,0.0
2018-08-11,COL,LAD,544.0,563.0,555.0,457.0,61.0,55.0,64.0,53.0,1.0,-1.0,1,32.2,12.2,0.0
2018-08-11,NYY,TEX,596.0,463.0,572.0,622.0,72.0,43.0,52.0,66.0,-1.0,1.0,1,26.7,21.1,737.0
2018-08-11,KCR,STL,423.0,628.0,519.0,485.0,35.0,80.0,61.0,55.0,-1.0,3.0,0,32.8,20.6,8.0
2018-08-11,SDP,PHI,454.0,559.0,498.0,467.0,47.0,71.0,64.0,51.0,2.0,-2.0,0,31.1,25.0,0.0
2018-08-12,BAL,BOS,466.0,639.0,655.0,445.0,35.0,83.0,84.0,35.0,-4.0,3.0,0,31.7,22.8,216.0
2018-08-12,ATL,MIL,545.0,469.0,526.0,499.0,63.0,51.0,67.0,53.0,-1.0,1.0,1,32.8,22.2,0.0
2018-08-12,CHW,CLE,464.0,620.0,585.0,471.0,42.0,74.0,65.0,51.0,-1.0,1.0,0,31.1,21.1,0.0
2018-08-12,DET,MIN,440.0,540.0,511.0,542.0,48.0,69.0,54.0,62.0,-1.0,1.0,1,27.8,19.4,0.0
2018-08-12,CHC,WSN,572.0,480.0,538.0,467.0,67.0,49.0,60.0,57.0,-1.0,1.0,1,31.1,21.1,0.0
2018-08-13,ATL,MIA,553.0,476.0,442.0,602.0,64.0,51.0,48.0,71.0,1.0,-1.0,1,31.7,22.2,0.0
2018-08-13,CIN,CLE,537.0,598.0,594.0,478.0,52.0,66.0,66.0,51.0,-1.0,2.0,0,29.4,16.7,0.0
2018-08-13,TEX,ARI,577.0,634.0,533.0,461.0,52.0,68.0,65.0,54.0,-2.0,1.0,1,29.4,22.8,66.0
2018-08-13,NYY,NYM,608.0,468.0,452.0,529.0,74.0,43.0,49.0,66.0,2.0,1.0,0,23.9,21.7,168.0
2018-08-14,SDP,LAA,467.0,573.0,548.0,512.0,48.0,73.0,60.0,60.0,-1.0,1.0,0,27.8,22.8,0.0
2018-08-14,LAD,SFG,562.0,469.0,487.0,521.0,64.0,56.0,60.0,60.0,-4.0,2.0,0,28.9,20.0,0.0
2018-08-14,NYY,TBR,613.0,476.0,495.0,484.0,74.0,44.0,60.0,58.0,-1.0,-1.0,1,27.8,21.7,201.0
2018-08-14,STL,WSN,542.0,496.0,547.0,478.0,64.0,55.0,60.0,59.0,6.0,-2.0,1,29.4,21.1,13.0
2018-08-14,HOU,COL,582.0,387.0,551.0,568.0,73.0,46.0,63.0,55.0,-4.0,3.0,0,33.9,25.0,0.0
2018-08-14,PHI,BOS,506.0,477.0,659.0,446.0,65.0,52.0,85.0,35.0,-1.0,4.0,0,28.3,20.0,185.0
2018-08-15,BAL,NYM,473.0,646.0,463.0,540.0,36.0,84.0,50.0,67.0,1.0,-1.0,0,33.3,22.2,0.0
2018-08-15,OAK,SEA,571.0,504.0,507.0,531.0,72.0,48.0,69.0,52.0,4.0,-2.0,0,21.7,16.1,0.0
2018-08-15,MIN,PIT,518.0,548.0,546.0,543.0,55.0,63.0,61.0,59.0,1.0,-2.0,1,32.8,20.0,0.0
2018-08-15,CHC,MIL,576.0,490.0,540.0,507.0,68.0,50.0,68.0,54.0,-1.0,1.0,1,30.6,22.8,33.0
2018-08-15,DET,CHW,456.0,553.0,482.0,641.0,50.0,70.0,43.0,76.0,-1.0,1.0,0,30.6,21.7,0.0
2018-08-16,KCR,TOR,441.0,657.0,535.0,607.0,36.0,84.0,55.0,65.0,-2.0,2.0,1,30.0,21.7,8.0
2018-08-16,ATL,COL,583.0,486.0,557.0,581.0,68.0,51.0,64.0,56.0,5.0,-1.0,0,32.8,22.8,0.0
2018-08-16,PIT,CHC,550.0,549.0,584.0,494.0,61.0,60.0,69.0,50.0,-3.0,1.0,0,27.2,20.0,124.0
2018-08-17,NYY,TOR,619.0,486.0,537.0,613.0,75.0,46.0,55.0,66.0,-2.0,-1.0,1,30.6,22.2,264.0
2018-08-17,WSN,MIA,558.0,492.0,452.0,632.0,61.0,61.0,48.0,75.0,1.0,-5.0,1,34.4,25.6,0.0
2018-08-17,SDP,ARI,473.0,588.0,547.0,471.0,48.0,76.0,67.0,55.0,-4.0,2.0,0,27.8,22.8,0.0
2018-08-18,CLE,BAL,618.0,486.0,479.0,664.0,70.0,51.0,36.0,86.0,6.0,-2.0,0,26.1,20.6,5.0
2018-08-18,CIN,SFG,546.0,621.0,493.0,528.0,53.0,69.0,61.0,62.0,1.0,-2.0,1,30.0,20.0,0.0
2018-08-18,MIN,DET,544.0,564.0,473.0,579.0,58.0,63.0,50.0,73.0,4.0,-4.0,0,28.9,19.4,0.0
2018-08-18,STL,MIL,561.0,509.0,546.0,520.0,67.0,56.0,68.0,56.0,1.0,-2.0,1,30.6,21.1,0.0
2018-08-18,OAK,HOU,575.0,509.0,598.0,397.0,73.0,49.0,74.0,48.0,1.0,-1.0,1,23.3,10.6,0.0
2018-08-19,SEA,LAD,515.0,546.0,582.0,480.0,71.0,53.0,66.0,58.0,1.0,-1.0,0,25.0,14.4,0.0
2018-08-19,TEX,LAA,607.0,664.0,579.0,538.0,55.0,70.0,63.0,62.0,-1.0,1.0,1,37.8,23.9,312.0
2018-08-19,CHW,KCR,498.0,652.0,453.0,669.0,45.0,77.0,38.0,85.0,-1.0,1.0,1,29.4,20.0,0.0
2018-08-19,PHI,NYM,532.0,518.0,514.0,563.0,68.0,55.0,53.0,69.0,-1.0,1.0,0,23.3,18.9,86.0
2018-08-19,BOS,TBR,677.0,459.0,510.0,502.0,88.0,36.0,62.0,61.0,2.0,-2.0,0,22.8,19.4,3.0
2018-08-20,PIT,ATL,555.0,553.0,596.0,511.0,63.0,62.0,68.0,55.0,2.0,-4.0,0,27.8,16.7,0.0
2018-08-20,OAK,TEX,586.0,519.0,611.0,666.0,74.0,50.0,56.0,70.0,-1.0,1.0,1,19.4,13.9,0.0
2018-08-20,MIN,CHW,554.0,575.0,505.0,658.0,59.0,64.0,46.0,77.0,1.0,1.0,0,30.0,22.2,20.0
2018-08-20,NYM,SFG,522.0,565.0,498.0,546.0,54.0,69.0,61.0,64.0,2.0,-4.0,0,25.0,20.0,0.0
2018-08-21,SEA,HOU,523.0,562.0,612.0,415.0,72.0,54.0,75.0,50.0,1.0,-1.0,0,31.7,17.2,0.0
2018-08-21,ARI,LAA,566.0,485.0,581.0,542.0,69.0,56.0,63.0,63.0,1.0,-1.0,1,40.0,28.3,0.0
2018-08-21,MIL,CIN,555.0,530.0,566.0,631.0,70.0,57.0,55.0,70.0,2.0,-1.0,0,25.0,17.2,8.0
2018-08-21,LAD,STL,597.0,486.0,574.0,516.0,67.0,59.0,69.0,57.0,-1.0,1.0,0,30.0,21.1,0.0
2018-08-21,MIA,NYY,473.0,646.0,647.0,499.0,50.0,76.0,78.0,46.0,2.0,3.0,0,32.2,25.6,0.0
2018-08-22,TOR,BAL,563.0,646.0,488.0,687.0,57.0,69.0,37.0,89.0,2.0,-3.0,1,23.5,18.0,0.0
2018-08-22,BOS,CLE,684.0,472.0,639.0,497.0,88.0,39.0,73.0,52.0,-3.0,3.0,1,28.9,18.9,127.0
2018-08-22,DET,CHC,486.0,590.0,589.0,501.0,52.0,74.0,71.0,53.0,1.0,-3.0,0,23.9,16.7,0.0
2018-08-23,WSN,PHI,590.0,524.0,545.0,544.0,64.0,63.0,68.0,58.0,2.0,-4.0,0,27.2,18.9,0.0
2018-08-23,COL,SDP,591.0,600.0,493.0,616.0,69.0,57.0,50.0,79.0,1.0,-1.0,1,26.1,12.8,0.0
2018-08-23,TBR,KCR,523.0,506.0,463.0,687.0,66.0,61.0,38.0,89.0,4.0,-4.0,1,33.3,25.6,0.0
2018-08-24,TOR,PHI,569.0,646.0,547.0,544.0,58.0,69.0,69.0,58.0,3.0,1.0,1,28.0,16.0,0.0
2018-08-24,ARI,SEA,576.0,490.0,532.0,575.0,71.0,56.0,72.0,56.0,3.0,-2.0,0,38.3,25.6,107.0
2018-08-24,SFG,TEX,509.0,559.0,615.0,683.0,63.0,66.0,57.0,72.0,1.0,1.0,0,18.9,13.3,0.0
2018-08-24,NYM,WSN,535.0,576.0,590.0,526.0,56.0,71.0,64.0,64.0,-1.0,-1.0,1,29.4,21.1,0.0
2018-08-25,BAL,NYY,493.0,700.0,659.0,514.0,37.0,91.0,80.0,47.0,-5.0,1.0,0,27.8,21.1,0.0
2018-08-25,MIA,ATL,484.0,656.0,610.0,514.0,52.0,78.0,72.0,56.0,1.0,-1.0,1,31.1,22.8,66.0
2018-08-25,CHC,CIN,607.0,506.0,578.0,652.0,74.0,53.0,56.0,73.0,3.0,-3.0,1,31.1,18.9,15.0
2018-08-25,LAD,SDP,611.0,495.0,497.0,631.0,68.0,61.0,50.0,81.0,1.0,-3.0,1,27.2,19.4,0.0
2018-08-25,MIL,PIT,573.0,545.0,563.0,569.0,72.0,58.0,63.0,66.0,2.0,-4.0,0,29.4,18.9,0.0
2018-08-25,MIN,OAK,574.0,603.0,614.0,530.0,61.0,67.0,77.0,52.0,-1.0,1.0,0,21.7,18.3,318.0
2018-08-25,DET,CHW,498.0,606.0,530.0,681.0,53.0,76.0,49.0,79.0,-1.0,1.0,0,25.6,20.6,86.0
2018-08-25,TBR,BOS,537.0,512.0,704.0,486.0,68.0,61.0,90.0,40.0,6.0,-1.0,1,33.3,23.9,622.0
2018-08-26,LAA,HOU,592.0,569.0,642.0,430.0,63.0,67.0,79.0,50.0,-5.0,4.0,0,30.6,16.7,0.0
2018-08-26,KCR,CLE,478.0,696.0,648.0,526.0,40.0,90.0,73.0,56.0,2.0,-4.0,0,34.4,23.9,0.0
2018-08-26,COL,STL,609.0,611.0,590.0,533.0,71.0,58.0,72.0,58.0,1.0,-1.0,0,32.2,12.2,0.0
2018-08-27,LAA,COL,593.0,572.0,612.0,623.0,63.0,68.0,71.0,59.0,-6.0,-1.0,1,30.6,16.7,0.0
2018-08-28,ATL,TBR,615.0,517.0,551.0,514.0,73.0,57.0,70.0,61.0,1.0,8.0,1,32.2,23.3,0.0
2018-08-28,CIN,MIL,584.0,671.0,581.0,558.0,56.0,75.0,73.0,59.0,-5.0,1.0,1,32.8,20.0,0.0
2018-08-28,NYY,CHW,681.0,527.0,549.0,686.0,83.0,48.0,52.0,79.0,-1.0,4.0,1,34.4,26.1,0.0
2018-08-28,PHI,WSN,566.0,564.0,610.0,535.0,70.0,61.0,66.0,66.0,-1.0,2.0,0,34.4,23.9,0.0
2018-08-28,HOU,OAK,656.0,435.0,630.0,545.0,81.0,50.0,79.0,53.0,6.0,-1.0,0,33.9,26.1,18.0
2018-08-29,BAL,TOR,519.0,725.0,589.0,681.0,39.0,94.0,60.0,72.0,2.0,-3.0,1,36.7,26.7,0.0
2018-08-29,SDP,SEA,506.0,644.0,545.0,588.0,51.0,83.0,74.0,58.0,1.0,-2.0,1,27.8,21.1,0.0
2018-08-29,TEX,LAD,630.0,705.0,631.0,506.0,58.0,75.0,71.0,61.0,-3.0,4.0,0,35.0,25.6,0.0
2018-08-29,BOS,MIA,714.0,507.0,494.0,669.0,91.0,42.0,53.0,80.0,1.0,-2.0,1,36.7,27.2,0.0
2018-08-29,SFG,ARI,526.0,570.0,587.0,505.0,67.0,67.0,72.0,60.0,4.0,-2.0,0,21.7,14.4,0.0
2018-08-29,CHC,NYM,635.0,517.0,546.0,600.0,78.0,53.0,58.0,74.0,7.0,-3.0,0,25.0,18.9,107.0
2018-08-29,KCR,DET,489.0,710.0,503.0,625.0,41.0,91.0,53.0,79.0,1.0,-4.0,1,34.4,17.8,10.0
2018-08-30,ATL,CHC,629.0,530.0,638.0,527.0,74.0,58.0,78.0,54.0,-1.0,-1.0,0,31.1,21.1,0.0
2018-08-30,HOU,LAA,664.0,443.0,605.0,582.0,82.0,51.0,64.0,69.0,1.0,-1.0,0,33.3,23.3,0.0
2018-08-30,CLE,MIN,671.0,536.0,583.0,626.0,75.0,57.0,62.0,70.0,-1.0,1.0,1,23.3,19.4,0.0
2018-08-30,STL,PIT,607.0,540.0,580.0,582.0,74.0,59.0,65.0,68.0,-1.0,1.0,1,26.7,20.0,0.0
2018-08-31,MIA,TOR,500.0,683.0,594.0,691.0,53.0,81.0,60.0,73.0,-3.0,-4.0,0,31.7,26.1,0.0
2018-08-31,KCR,BAL,498.0,712.0,529.0,730.0,42.0,91.0,40.0,94.0,2.0,3.0,1,23.9,18.9,249.0
2018-08-31,ATL,PIT,633.0,535.0,580.0,587.0,74.0,59.0,65.0,69.0,-2.0,-1.0,0,31.7,22.2,0.0
2018-08-31,STL,CIN,612.0,540.0,606.0,693.0,75.0,59.0,57.0,77.0,1.0,-2.0,1,31.1,21.1,5.0
2018-08-31,CLE,TBR,676.0,539.0,564.0,528.0,76.0,57.0,71.0,62.0,1.0,1.0,1,25.0,17.2,0.0
2018-08-31,WSN,MIL,621.0,547.0,603.0,580.0,67.0,67.0,75.0,60.0,-1.0,2.0,0,32.2,23.9,76.0
2018-08-31,SFG,NYM,527.0,573.0,556.0,603.0,67.0,68.0,59.0,74.0,-1.0,1.0,1,18.9,13.3,0.0
2018-08-31,PHI,CHC,578.0,575.0,643.0,531.0,71.0,62.0,79.0,54.0,1.0,1.0,1,26.1,20.6,28.0
2018-08-31,CHW,BOS,561.0,701.0,737.0,517.0,53.0,81.0,93.0,42.0,-1.0,3.0,1,30.0,16.7,272.0
2018-09-01,OAK,SEA,646.0,565.0,560.0,604.0,81.0,55.0,75.0,60.0,1.0,-1.0,0,20.0,12.2,0.0
2018-09-01,LAD,ARI,638.0,512.0,595.0,510.0,73.0,62.0,74.0,61.0,1.0,-1.0,1,27.8,19.4,0.0
2018-09-01,TEX,MIN,638.0,718.0,596.0,638.0,58.0,77.0,63.0,71.0,-5.0,1.0,1,35.0,24.4,0.0
2018-09-02,NYY,DET,703.0,549.0,519.0,650.0,86.0,50.0,54.0,82.0,2.0,-2.0,0,27.2,20.0,0.0
2018-09-02,SDP,COL,526.0,653.0,628.0,647.0,54.0,84.0,73.0,62.0,-1.0,1.0,0,24.4,20.6,0.0
2018-09-03,TOR,TBR,609.0,703.0,575.0,538.0,62.0,74.0,73.0,63.0,1.0,2.0,0,33.5,20.5,266.0
2018-09-03,ATL,BOS,645.0,542.0,744.0,532.0,76.0,60.0,94.0,44.0,2.0,-1.0,0,32.2,22.8,0.0
2018-09-03,PIT,CIN,587.0,599.0,621.0,709.0,66.0,71.0,59.0,78.0,-2.0,2.0,1,32.8,20.6,0.0
2018-09-03,LAD,NYM,644.0,516.0,562.0,612.0,75.0,62.0,61.0,75.0,3.0,2.0,0,26.1,20.6,0.0
2018-09-03,OAK,NYY,661.0,575.0,710.0,560.0,82.0,56.0,86.0,51.0,1.0,-1.0,1,20.6,14.4,0.0
2018-09-03,HOU,MIN,677.0,456.0,604.0,663.0,84.0,53.0,63.0,73.0,2.0,-2.0,1,29.4,23.3,414.0
2018-09-03,WSN,STL,631.0,564.0,628.0,555.0,68.0,69.0,76.0,61.0,-1.0,-2.0,1,33.9,25.6,0.0
2018-09-03,COL,SFG,635.0,650.0,536.0,579.0,74.0,62.0,68.0,70.0,2.0,-2.0,1,26.7,12.2,0.0
2018-09-03,MIL,CHC,620.0,590.0,659.0,535.0,77.0,61.0,81.0,55.0,1.0,2.0,1,25.6,18.9,147.0
2018-09-03,CHW,DET,576.0,708.0,530.0,657.0,55.0,82.0,55.0,82.0,1.0,1.0,1,31.1,22.8,114.0
2018-09-03,ARI,SDP,599.0,516.0,529.0,660.0,74.0,63.0,54.0,85.0,-3.0,-2.0,0,37.2,23.3,48.0
2018-09-04,CLE,KCR,687.0,555.0,526.0,720.0,77.0,60.0,46.0,91.0,-3.0,6.0,1,30.6,22.8,0.0
2018-09-05,SEA,BAL,575.0,625.0,542.0,758.0,77.0,62.0,41.0,98.0,-1.0,1.0,1,26.1,11.7,0.0
2018-09-05,TEX,LAA,668.0,731.0,623.0,600.0,61.0,78.0,67.0,72.0,1.0,-1.0,0,30.6,23.3,0.0
2018-09-05,MIA,PHI,519.0,708.0,592.0,598.0,55.0,84.0,73.0,65.0,-1.0,1.0,1,31.7,26.1,3.0
2018-09-07,TOR,CLE,624.0,726.0,708.0,563.0,63.0,77.0,80.0,60.0,-1.0,3.0,1,23.5,18.0,0.0
2018-09-07,SEA,NYY,580.0,627.0,720.0,575.0,78.0,62.0,87.0,53.0,1.0,-1.0,0,24.4,13.3,18.0
2018-09-07,COL,LAD,655.0,663.0,660.0,531.0,77.0,62.0,76.0,64.0,5.0,-1.0,0,22.2,9.4,5.0
2018-09-07,MIN,KCR,608.0,681.0,530.0,732.0,63.0,76.0,46.0,93.0,-5.0,-2.0,1,24.4,14.4,0.0
2018-09-07,MIL,SFG,639.0,600.0,549.0,599.0,79.0,62.0,68.0,73.0,-1.0,-5.0,1,20.6,14.4,0.0
2018-09-07,NYM,PHI,577.0,628.0,593.0,600.0,63.0,76.0,73.0,66.0,1.0,-1.0,0,25.0,21.7,0.0
2018-09-08,ARI,ATL,618.0,532.0,666.0,575.0,76.0,65.0,77.0,64.0,1.0,-1.0,0,42.8,28.9,0.0
2018-09-08,OAK,TEX,684.0,589.0,675.0,748.0,85.0,57.0,61.0,80.0,2.0,-2.0,1,22.8,10.6,0.0
2018-09-08,PIT,MIA,607.0,608.0,524.0,714.0,70.0,71.0,56.0,85.0,4.0,-1.0,1,20.6,11.1,536.0
2018-09-08,WSN,CHC,653.0,591.0,675.0,558.0,69.0,72.0,83.0,57.0,-3.0,2.0,1,25.0,17.2,114.0
2018-09-08,DET,STL,555.0,669.0,652.0,578.0,58.0,83.0,78.0,63.0,3.0,-1.0,1,18.3,13.9,0.0
2018-09-09,TBR,BAL,613.0,556.0,551.0,787.0,77.0,64.0,41.0,101.0,2.0,-3.0,1,31.7,25.0,0.0
2018-09-09,CHW,LAA,590.0,745.0,649.0,608.0,56.0,86.0,70.0,72.0,-4.0,3.0,0,21.1,16.1,0.0
2018-09-09,CIN,SDP,648.0,738.0,549.0,689.0,61.0,82.0,56.0,88.0,2.0,-2.0,0,17.2,14.4,282.0
2018-09-09,BOS,HOU,772.0,554.0,706.0,466.0,97.0,46.0,89.0,53.0,-2.0,7.0,1,18.3,13.9,0.0
2018-09-10,TBR,CLE,621.0,559.0,721.0,580.0,78.0,64.0,81.0,62.0,3.0,-1.0,1,32.2,26.1,3.0
2018-09-10,CHC,MIL,683.0,574.0,653.0,608.0,83.0,59.0,82.0,62.0,-2.0,3.0,0,23.3,16.1,0.0
2018-09-11,SFG,ATL,558.0,617.0,684.0,585.0,68.0,77.0,80.0,64.0,-9.0,3.0,0,20.6,12.2,0.0
2018-09-11,SEA,SDP,585.0,637.0,556.0,695.0,79.0,64.0,57.0,88.0,1.0,1.0,0,22.2,14.4,3.0
2018-09-11,LAA,TEX,652.0,613.0,689.0,765.0,71.0,73.0,62.0,82.0,-1.0,1.0,1,30.0,20.0,0.0
2018-09-11,CIN,LAD,664.0,751.0,681.0,553.0,62.0,83.0,78.0,66.0,1.0,-1.0,1,21.7,16.7,0.0
2018-09-11,PHI,WSN,606.0,619.0,669.0,599.0,74.0,68.0,71.0,72.0,-2.0,2.0,0,25.0,17.2,0.0
2018-09-11,COL,ARI,680.0,680.0,629.0,559.0,79.0,64.0,76.0,68.0,1.0,-3.0,0,32.2,9.4,0.0
2018-09-11,KCR,CHW,545.0,749.0,593.0,750.0,48.0,95.0,56.0,88.0,1.0,-6.0,1,27.2,12.8,0.0
2018-09-11,DET,HOU,563.0,680.0,714.0,474.0,59.0,85.0,90.0,54.0,-2.0,1.0,0,23.3,15.0,0.0
2018-09-12,BAL,OAK,556.0,798.0,702.0,600.0,41.0,103.0,88.0,57.0,-5.0,5.0,0,30.0,21.1,3.0
2018-09-12,STL,PIT,679.0,596.0,624.0,628.0,81.0,64.0,71.0,73.0,3.0,-2.0,0,27.2,16.1,0.0
2018-09-12,MIN,NYY,634.0,704.0,742.0,592.0,66.0,78.0,90.0,55.0,1.0,-1.0,1,29.4,19.4,0.0
2018-09-13,BOS,TOR,786.0,561.0,643.0,747.0,100.0,46.0,65.0,80.0,3.0,-2.0,1,21.7,18.3,112.0
2018-09-13,NYM,MIA,612.0,646.0,530.0,735.0,66.0,78.0,57.0,87.0,1.0,-1.0,1,25.0,21.1,36.0
2018-09-13,KCR,MIN,553.0,756.0,637.0,705.0,49.0,96.0,67.0,78.0,-1.0,2.0,1,27.2,15.6,0.0
2018-09-13,WSN,CHC,684.0,607.0,689.0,582.0,74.0,72.0,84.0,61.0,5.0,-1.0,0,27.8,22.8,0.0
2018-09-14,CLE,DET,729.0,589.0,571.0,690.0,82.0,64.0,59.0,87.0,-1.0,-4.0,0,26.1,22.2,0.0
2018-09-15,LAA,SEA,663.0,627.0,603.0,646.0,73.0,75.0,81.0,66.0,-2.0,2.0,0,32.8,15.6,0.0
2018-09-15,CHC,CIN,696.0,587.0,670.0,763.0,86.0,61.0,63.0,85.0,2.0,-2.0,1,27.8,17.2,0.0
2018-09-15,STL,LAD,689.0,612.0,702.0,564.0,81.0,67.0,81.0,67.0,-3.0,3.0,0,32.8,20.6,0.0
2018-09-15,HOU,ARI,726.0,486.0,646.0,579.0,92.0,55.0,78.0,70.0,-1.0,1.0,1,32.2,23.9,0.0
2018-09-15,TBR,OAK,631.0,569.0,717.0,606.0,80.0,66.0,90.0,58.0,-1.0,1.0,1,33.9,28.3,0.0
2018-09-16,NYY,TOR,761.0,603.0,654.0,769.0,91.0,57.0,66.0,82.0,-1.0,1.0,0,28.9,19.4,0.0
2018-09-16,BAL,CHW,567.0,821.0,610.0,764.0,42.0,106.0,59.0,89.0,-2.0,3.0,1,27.8,20.6,0.0
2018-09-16,ATL,WSN,701.0,599.0,699.0,622.0,83.0,65.0,75.0,74.0,-1.0,1.0,0,29.4,22.2,0.0
2018-09-16,SDP,TEX,566.0,710.0,700.0,777.0,59.0,90.0,64.0,84.0,-2.0,2.0,1,26.7,20.0,0.0
2018-09-16,MIL,PIT,669.0,621.0,635.0,639.0,85.0,64.0,73.0,74.0,-1.0,1.0,0,26.1,17.8,0.0
2018-09-16,PHI,MIA,633.0,640.0,541.0,763.0,76.0,71.0,57.0,91.0,2.0,-5.0,0,30.0,18.3,0.0
2018-09-16,SFG,COL,565.0,623.0,698.0,698.0,70.0,79.0,81.0,67.0,2.0,-2.0,0,18.9,12.8,0.0
2018-09-16,BOS,NYM,795.0,575.0,632.0,656.0,102.0,47.0,69.0,79.0,1.0,-1.0,1,27.2,17.2,0.0
2018-09-17,BAL,TOR,575.0,825.0,657.0,771.0,43.0,106.0,67.0,82.0,1.0,2.0,0,26.7,22.2,348.0
2018-09-17,MIL,CIN,671.0,624.0,672.0,765.0,85.0,65.0,64.0,86.0,-2.0,1.0,1,32.8,19.4,0.0
2018-09-17,PIT,KCR,638.0,641.0,583.0,776.0,74.0,74.0,52.0,97.0,2.0,-1.0,1,22.8,19.4,229.0
2018-09-17,MIA,WSN,547.0,767.0,705.0,626.0,58.0,91.0,76.0,74.0,1.0,2.0,1,32.8,27.2,0.0
2018-09-17,DET,MIN,582.0,713.0,657.0,735.0,61.0,88.0,68.0,81.0,1.0,1.0,0,28.3,18.9,0.0
2018-09-17,SDP,SFG,573.0,713.0,567.0,626.0,60.0,90.0,70.0,80.0,1.0,-1.0,0,26.7,18.9,0.0
2018-09-18,HOU,SEA,742.0,498.0,616.0,656.0,94.0,56.0,83.0,67.0,-1.0,1.0,1,35.0,24.4,0.0
2018-09-18,CLE,CHW,752.0,600.0,614.0,772.0,83.0,66.0,59.0,90.0,-1.0,-1.0,1,26.7,19.4,0.0
2018-09-18,TEX,TBR,703.0,787.0,646.0,578.0,64.0,86.0,83.0,66.0,-2.0,3.0,0,32.8,23.3,0.0
2018-09-18,NYY,BOS,763.0,606.0,799.0,578.0,91.0,58.0,103.0,47.0,-2.0,2.0,1,26.1,21.1,302.0
2018-09-18,ARI,CHC,655.0,599.0,703.0,590.0,78.0,73.0,88.0,62.0,-3.0,1.0,0,40.0,29.4,0.0
2018-09-19,ATL,STL,712.0,624.0,717.0,636.0,83.0,68.0,84.0,68.0,-4.0,3.0,1,34.4,23.3,0.0
2018-09-19,LAD,COL,730.0,577.0,705.0,711.0,84.0,68.0,82.0,69.0,2.0,-2.0,1,27.2,16.1,0.0
2018-09-19,PHI,NYM,646.0,657.0,646.0,669.0,77.0,73.0,70.0,81.0,1.0,-1.0,1,28.9,19.4,0.0
2018-09-20,ATL,PHI,719.0,627.0,650.0,657.0,84.0,68.0,78.0,73.0,1.0,2.0,1,34.4,23.3,0.0
2018-09-20,OAK,LAA,743.0,627.0,681.0,653.0,91.0,61.0,75.0,77.0,1.0,-1.0,1,30.0,10.6,0.0
2018-09-21,NYY,BAL,782.0,620.0,581.0,837.0,93.0,59.0,44.0,108.0,-1.0,1.0,1,22.2,19.4,0.0
2018-09-21,TEX,SEA,706.0,800.0,625.0,663.0,64.0,88.0,84.0,68.0,-4.0,1.0,1,31.7,23.3,28.0
2018-09-21,MIA,CIN,559.0,780.0,679.0,783.0,59.0,93.0,66.0,88.0,-2.0,1.0,1,32.2,22.8,140.0
2018-09-21,DET,KCR,599.0,740.0,599.0,798.0,62.0,91.0,52.0,101.0,1.0,-5.0,0,30.0,15.6,0.0
2018-09-22,HOU,LAA,760.0,510.0,687.0,685.0,96.0,57.0,75.0,79.0,1.0,-3.0,1,30.6,23.3,318.0
2018-09-22,PIT,MIL,652.0,657.0,695.0,630.0,77.0,75.0,88.0,66.0,-1.0,2.0,1,21.1,12.8,0.0
2018-09-22,OAK,MIN,771.0,636.0,682.0,748.0,93.0,61.0,71.0,82.0,3.0,-1.0,1,19.4,11.1,0.0
2018-09-22,ARI,COL,667.0,614.0,713.0,718.0,79.0,75.0,83.0,70.0,-1.0,1.0,0,38.9,27.2,0.0
2018-09-22,CHW,CHC,633.0,789.0,716.0,610.0,61.0,92.0,89.0,64.0,2.0,-2.0,0,17.8,13.3,0.0
2018-09-23,TOR,TBR,686.0,798.0,680.0,598.0,71.0,84.0,86.0,68.0,1.0,-1.0,0,19.0,6.0,0.0
2018-09-23,LAD,SDP,745.0,586.0,594.0,736.0,86.0,69.0,62.0,93.0,1.0,-1.0,1,26.7,18.3,0.0
2018-09-23,CLE,BOS,775.0,620.0,824.0,607.0,86.0,68.0,105.0,50.0,1.0,-1.0,1,20.6,11.7,0.0
2018-09-23,WSN,NYM,726.0,645.0,655.0,685.0,78.0,77.0,72.0,83.0,1.0,-1.0,0,18.9,16.1,180.0
2018-09-23,STL,SFG,730.0,650.0,587.0,650.0,86.0,69.0,72.0,83.0,2.0,-3.0,1,26.7,12.8,0.0
2018-09-24,LAA,TEX,694.0,701.0,720.0,817.0,75.0,81.0,66.0,89.0,-5.0,1.0,1,26.7,17.8,0.0
2018-09-24,CHW,CLE,637.0,803.0,779.0,623.0,61.0,94.0,87.0,68.0,-2.0,2.0,0,22.2,14.4,13.0
2018-09-24,STL,MIL,739.0,652.0,708.0,639.0,87.0,69.0,89.0,67.0,3.0,1.0,0,26.1,18.9,0.0
2018-09-25,TOR,HOU,691.0,808.0,781.0,520.0,71.0,86.0,99.0,57.0,-2.0,4.0,0,22.0,15.0,60.0
2018-09-25,NYM,ATL,663.0,691.0,740.0,639.0,73.0,83.0,88.0,68.0,1.0,5.0,0,25.6,15.6,287.0
2018-09-25,SEA,OAK,645.0,684.0,782.0,646.0,85.0,71.0,95.0,62.0,-2.0,1.0,1,20.6,9.4,0.0
2018-09-25,CHC,PIT,731.0,619.0,666.0,671.0,91.0,65.0,79.0,76.0,-1.0,1.0,0,28.9,17.2,180.0
2018-09-25,WSN,MIA,739.0,656.0,574.0,788.0,79.0,78.0,62.0,94.0,1.0,-1.0,1,27.8,20.0,25.0
2018-09-25,SFG,SDP,589.0,664.0,599.0,750.0,72.0,85.0,63.0,94.0,-5.0,1.0,1,17.8,11.7,0.0
2018-09-26,BOS,BAL,833.0,613.0,599.0,859.0,106.0,51.0,45.0,111.0,1.0,-1.0,1,28.9,20.0,71.0
2018-09-26,CIN,KCR,683.0,799.0,614.0,811.0,66.0,92.0,55.0,102.0,-4.0,2.0,0,23.3,12.2,28.0
2018-09-26,ARI,LAD,676.0,631.0,769.0,594.0,80.0,78.0,88.0,70.0,1.0,-1.0,1,40.0,25.6,0.0
2018-09-26,TBR,NYY,688.0,613.0,811.0,639.0,87.0,70.0,97.0,60.0,-2.0,2.0,1,33.9,25.6,15.0
2018-09-26,MIN,DET,691.0,756.0,613.0,753.0,72.0,84.0,64.0,93.0,-1.0,1.0,1,14.4,7.2,25.0
2018-09-26,COL,PHI,740.0,723.0,666.0,698.0,87.0,70.0,78.0,79.0,5.0,-6.0,1,17.8,5.0,0.0
2018-09-28,COL,WSN,759.0,726.0,757.0,663.0,89.0,70.0,81.0,78.0,7.0,3.0,1,26.7,6.1,0.0
2018-09-28,CHC,STL,741.0,631.0,748.0,672.0,93.0,66.0,87.0,72.0,2.0,-3.0,1,16.7,8.3,13.0
2018-09-28,MIL,DET,728.0,648.0,620.0,773.0,92.0,67.0,64.0,95.0,4.0,-2.0,1,16.1,7.8,0.0
