Date,Home_Team,Home_Win,TMAX,TMIN,PRCP
2018-03-29,TOR,0,5.0,1.5,238.0
2018-03-29,BAL,1,21.1,9.4,0.0
2018-03-29,ATL,1,24.4,13.9,236.0
2018-03-29,SEA,1,14.4,6.7,0.0
2018-03-29,OAK,1,25.0,10.0,0.0
2018-03-29,LAD,0,23.3,10.6,0.0
2018-03-29,TEX,0,17.8,11.7,15.0
2018-03-29,MIA,0,26.7,21.7,0.0
2018-03-29,ARI,1,30.0,13.3,0.0
2018-03-29,NYM,1,11.7,7.8,5.0
2018-03-29,SDP,0,20.6,11.7,0.0
2018-03-29,KCR,0,9.4,4.4,10.0
2018-03-29,TBR,1,28.3,19.4,0.0
2018-03-30,TOR,0,6.5,2.5,0.0
2018-03-30,ATL,0,18.3,10.6,0.0
2018-03-30,OAK,0,25.0,10.6,0.0
2018-03-30,CIN,0,10.0,0.6,56.0
2018-03-30,LAD,0,24.4,11.1,0.0
2018-03-30,TEX,1,21.1,10.0,0.0
2018-03-30,DET,0,7.2,0.0,0.0
2018-03-30,MIA,1,27.8,21.1,0.0
2018-03-30,ARI,1,31.7,15.6,0.0
2018-03-30,SDP,0,20.6,13.3,0.0
2018-03-30,TBR,0,27.8,20.0,10.0
2018-03-31,TOR,1,9.5,-2.0,51.0
2018-03-31,BAL,0,15.0,4.4,0.0
2018-03-31,ATL,1,20.0,6.7,0.0
2018-03-31,SEA,0,15.6,5.6,0.0
2018-03-31,OAK,0,17.8,10.0,0.0
2018-03-31,CIN,0,17.2,0.6,33.0
2018-03-31,LAD,1,21.1,11.1,0.0
2018-03-31,TEX,0,21.1,10.0,0.0
2018-03-31,MIA,0,28.3,20.6,0.0
2018-03-31,ARI,0,33.3,16.7,0.0
2018-03-31,NYM,1,13.9,4.4,0.0
2018-03-31,SDP,0,19.4,12.2,0.0
2018-03-31,KCR,0,13.9,-1.1,0.0
2018-03-31,TBR,0,26.1,18.3,8.0
2018-04-01,TOR,1,5.0,-2.5,0.0
2018-04-01,BAL,0,18.9,9.4,0.0
2018-04-01,SEA,1,8.3,2.8,51.0
2018-04-01,OAK,0,19.4,8.3,0.0
2018-04-01,CIN,0,10.0,0.6,74.0
2018-04-01,LAD,1,21.1,12.8,0.0
2018-04-01,TEX,0,24.4,13.9,0.0
2018-04-01,DET,0,5.0,-1.0,0.0
2018-04-01,DET,0,5.0,-1.0,0.0
2018-04-01,MIA,1,28.3,22.2,0.0
2018-04-01,NYM,0,15.0,6.1,0.0
2018-04-01,TBR,0,29.4,18.3,0.0
2018-04-02,TOR,1,8.0,-3.0,0.0
2018-04-02,HOU,1,27.8,20.0,0.0
2018-04-02,ATL,0,27.2,13.3,0.0
2018-04-02,LAA,0,23.3,10.6,0.0
2018-04-02,CIN,1,8.3,0.6,8.0
2018-04-02,ARI,1,31.7,16.7,0.0
2018-04-02,OAK,1,18.3,9.4,0.0
2018-04-02,PIT,1,4.4,-0.5,23.0
2018-04-02,MIA,0,28.3,20.6,0.0
2018-04-02,SDP,0,17.8,15.0,0.0
2018-04-02,MIL,0,3.9,-4.9,0.0
2018-04-02,DET,1,5.0,-4.9,0.0
2018-04-03,TOR,1,9.0,-0.5,259.0
2018-04-03,HOU,1,28.3,17.8,0.0
2018-04-03,ATL,1,26.7,14.4,0.0
2018-04-03,SFG,0,15.0,9.4,0.0
2018-04-03,LAA,1,24.4,16.1,0.0
2018-04-03,ARI,1,31.1,16.7,0.0
2018-04-03,OAK,0,17.8,7.2,0.0
2018-04-03,NYY,1,6.1,3.9,66.0
2018-04-03,MIA,0,28.3,21.7,0.0
2018-04-03,SDP,1,20.6,15.0,0.0
2018-04-03,MIL,1,2.8,-2.1,86.0
2018-04-03,DET,0,4.4,0.6,185.0
2018-04-03,NYM,1,6.7,3.9,69.0
2018-04-04,TOR,0,5.5,-1.5,20.0
2018-04-04,HOU,1,22.8,12.8,216.0
2018-04-04,ATL,1,21.1,8.3,58.0
2018-04-04,SFG,1,15.6,10.6,0.0
2018-04-04,LAA,1,22.2,8.9,0.0
2018-04-04,ARI,1,32.2,17.2,0.0
2018-04-04,OAK,1,17.2,10.0,0.0
2018-04-04,PIT,0,15.0,-1.6,38.0
2018-04-04,NYY,1,13.3,4.4,10.0
2018-04-04,SDP,0,17.8,13.9,0.0
2018-04-04,MIL,0,1.7,-4.3,13.0
2018-04-04,NYM,1,13.9,5.0,30.0
2018-04-05,NYY,0,7.2,1.1,0.0
2018-04-05,MIN,1,-2.2,-13.3,0.0
2018-04-05,PIT,1,7.2,-2.7,0.0
2018-04-05,OAK,0,16.1,7.2,41.0
2018-04-05,PHI,1,8.3,2.2,0.0
2018-04-05,WSN,0,13.3,1.1,0.0
2018-04-05,SDP,0,19.4,13.3,0.0
2018-04-05,MIL,0,7.2,-6.6,0.0
2018-04-05,STL,0,17.8,-2.1,0.0
2018-04-05,CHW,0,5.6,-4.3,23.0
2018-04-05,BOS,1,6.1,-1.0,0.0
2018-04-06,TEX,0,22.8,10.6,0.0
2018-04-06,NYY,0,16.7,2.8,28.0
2018-04-06,COL,0,20.6,2.8,0.0
2018-04-06,LAA,1,23.9,10.0,0.0
2018-04-06,PIT,1,13.9,-0.5,25.0
2018-04-06,CLE,1,7.8,0.0,13.0
2018-04-06,MIL,1,2.8,-4.3,0.0
2018-04-06,HOU,0,26.1,21.1,0.0
2018-04-07,TEX,1,27.8,3.9,38.0
2018-04-07,NYY,1,9.4,2.8,0.0
2018-04-07,COL,1,2.8,-5.0,18.0
2018-04-07,MIN,0,-7.2,-11.7,0.0
2018-04-07,LAA,0,24.4,14.4,0.0
2018-04-07,PIT,0,3.3,-3.2,0.0
2018-04-07,SFG,1,16.7,12.2,272.0
2018-04-07,CLE,0,1.7,-1.6,0.0
2018-04-07,PHI,1,14.4,3.9,0.0
2018-04-07,WSN,0,19.4,2.8,0.0
2018-04-07,MIL,0,2.2,-7.1,0.0
2018-04-07,STL,1,6.7,-4.3,0.0
2018-04-07,CHW,0,3.9,-6.0,0.0
2018-04-07,BOS,1,8.3,1.7,3.0
2018-04-07,HOU,1,22.8,8.3,8.0
2018-04-08,TEX,0,10.6,1.1,8.0
2018-04-08,NYY,0,7.8,0.0,0.0
2018-04-08,COL,0,13.9,-4.4,0.0
2018-04-08,LAA,1,24.4,12.8,0.0
2018-04-08,PIT,1,4.4,-2.7,0.0
2018-04-08,SFG,0,16.1,10.0,0.0
2018-04-08,CLE,1,1.1,-1.6,0.0
2018-04-08,PHI,0,7.8,-0.5,0.0
2018-04-08,WSN,0,10.6,1.1,0.0
2018-04-08,MIL,0,2.8,-4.9,0.0
2018-04-08,STL,0,6.1,-1.6,3.0
2018-04-08,CHW,0,4.4,-4.9,0.0
2018-04-08,BOS,1,5.6,0.0,0.0
2018-04-08,HOU,1,15.0,7.8,0.0
2018-04-09,BAL,0,6.7,3.3,0.0
2018-04-09,WSN,1,7.8,3.3,5.0
2018-04-09,KCR,1,2.2,-1.7,20.0
2018-04-09,TEX,0,12.8,2.8,0.0
2018-04-09,PHI,1,7.2,0.0,0.0
2018-04-09,CLE,1,1.7,-0.5,0.0
2018-04-09,MIA,0,32.8,21.1,0.0
2018-04-09,MIN,0,-1.1,-9.4,36.0
2018-04-09,COL,0,16.1,0.6,0.0
2018-04-09,SFG,0,23.3,11.1,0.0
2018-04-09,STL,0,8.9,1.1,0.0
2018-04-09,CHW,0,4.4,0.0,8.0
2018-04-10,BAL,0,12.2,3.9,3.0
2018-04-10,WSN,1,12.8,3.3,0.0
2018-04-10,KCR,0,6.7,-1.7,15.0
2018-04-10,TEX,0,20.0,7.2,0.0
2018-04-10,PHI,1,10.0,1.7,0.0
2018-04-10,LAD,1,31.1,16.1,0.0
2018-04-10,CLE,1,5.0,-2.1,0.0
2018-04-10,CHC,0,7.8,-1.6,0.0
2018-04-10,BOS,1,5.0,1.7,0.0
2018-04-10,MIA,0,32.8,22.8,0.0
2018-04-10,MIN,1,1.1,-6.1,0.0
2018-04-10,COL,0,13.9,-1.7,8.0
2018-04-10,SFG,1,17.2,11.1,0.0
2018-04-10,STL,1,11.1,2.2,0.0
2018-04-10,CHW,0,7.8,-1.6,0.0
2018-04-11,BAL,1,15.0,5.6,0.0
2018-04-11,WSN,0,13.9,6.1,0.0
2018-04-11,KCR,0,16.1,-1.7,0.0
2018-04-11,TEX,0,21.7,9.4,0.0
2018-04-11,PHI,1,11.7,-1.6,0.0
2018-04-11,LAD,0,26.7,14.4,0.0
2018-04-11,CLE,1,12.8,1.7,3.0
2018-04-11,CHC,1,19.4,3.9,0.0
2018-04-11,BOS,0,7.2,-1.0,0.0
2018-04-11,MIA,0,30.0,21.1,0.0
2018-04-11,MIN,1,3.9,-2.8,0.0
2018-04-11,COL,1,21.7,2.8,0.0
2018-04-11,SFG,0,15.6,9.4,36.0
2018-04-11,STL,0,25.0,7.2,0.0
2018-04-11,CHW,1,19.4,3.9,0.0
2018-04-12,KCR,0,25.0,7.8,0.0
2018-04-12,CIN,0,26.1,10.6,0.0
2018-04-12,CLE,1,24.4,6.7,0.0
2018-04-12,CHC,0,23.9,7.2,5.0
2018-04-12,BOS,1,12.8,2.2,15.0
2018-04-12,MIN,1,7.2,-1.7,5.0
2018-04-12,WSN,0,25.6,7.2,0.0
2018-04-12,SDP,0,19.4,15.0,0.0
2018-04-13,CLE,0,15.6,5.0,3.0
2018-04-13,BOS,1,20.6,6.7,0.0
2018-04-13,CHC,0,11.7,4.4,15.0
2018-04-13,SEA,1,11.1,6.1,99.0
2018-04-13,KCR,0,27.8,13.9,0.0
2018-04-13,CIN,0,27.2,12.8,0.0
2018-04-13,LAD,0,26.1,13.3,0.0
2018-04-13,HOU,1,27.8,21.1,3.0
2018-04-13,MIA,1,28.3,21.7,0.0
2018-04-13,DET,0,13.9,2.8,0.0
2018-04-13,WSN,0,30.0,15.6,0.0
2018-04-13,SDP,1,23.3,12.8,0.0
2018-04-13,NYM,1,27.8,15.0,0.0
2018-04-13,TBR,0,30.0,19.4,0.0
2018-04-14,BOS,1,11.1,3.3,0.0
2018-04-14,CHC,1,5.6,2.8,109.0
2018-04-14,SEA,1,11.1,7.8,424.0
2018-04-14,KCR,0,26.1,3.9,0.0
2018-04-14,CIN,0,22.2,12.2,89.0
2018-04-14,LAD,0,30.6,13.9,0.0
2018-04-14,HOU,0,24.4,10.6,66.0
2018-04-14,MIA,0,30.0,21.7,0.0
2018-04-14,WSN,1,29.4,17.2,0.0
2018-04-14,SDP,1,27.8,13.9,0.0
2018-04-14,NYM,0,20.6,7.2,0.0
2018-04-14,TBR,0,31.1,20.6,0.0
2018-04-15,BOS,1,3.9,0.6,10.0
2018-04-15,SEA,0,11.1,6.7,38.0
2018-04-15,CIN,0,17.8,7.2,231.0
2018-04-15,LAD,1,26.1,12.8,0.0
2018-04-15,HOU,0,20.6,7.8,0.0
2018-04-15,MIA,0,30.6,21.7,56.0
2018-04-15,WSN,0,20.6,8.9,33.0
2018-04-15,SDP,1,24.4,13.9,0.0
2018-04-15,NYM,1,7.8,3.9,91.0
2018-04-15,TBR,0,30.0,19.4,122.0
2018-04-16,ATL,1,11.7,3.3,0.0
2018-04-16,SEA,1,9.4,5.6,51.0
2018-04-16,MIL,0,1.7,-2.7,10.0
2018-04-16,SDP,0,19.4,13.9,0.0
2018-04-16,TBR,1,20.6,16.7,0.0
2018-04-16,PIT,0,7.8,0.0,124.0
2018-04-16,NYY,1,15.6,3.9,716.0
2018-04-16,NYM,0,16.1,4.4,635.0
2018-04-16,OAK,1,13.3,7.8,0.0
2018-04-17,TOR,1,2.5,-0.5,2.0
2018-04-17,TOR,1,2.5,-0.5,2.0
2018-04-17,DET,1,2.2,-2.1,3.0
2018-04-17,ATL,0,24.4,2.2,0.0
2018-04-17,SEA,0,13.3,6.1,5.0
2018-04-17,LAA,0,23.3,5.6,0.0
2018-04-17,MIL,1,3.9,-2.1,0.0
2018-04-17,SDP,0,21.7,12.8,0.0
2018-04-17,MIN,0,1.7,-6.1,0.0
2018-04-17,TBR,0,26.7,13.9,0.0
2018-04-17,PIT,0,2.8,-1.6,15.0
2018-04-17,NYY,0,8.3,3.9,0.0
2018-04-17,NYM,0,8.3,4.4,0.0
2018-04-17,ARI,1,23.9,14.4,0.0
2018-04-17,CHC,0,7.2,-1.0,0.0
2018-04-17,OAK,1,17.2,3.9,0.0
2018-04-18,TOR,1,5.0,0.5,0.0
2018-04-18,DET,1,5.0,0.0,0.0
2018-04-18,ATL,1,28.3,11.7,0.0
2018-04-18,SEA,0,13.9,6.1,0.0
2018-04-18,LAA,0,25.6,7.2,0.0
2018-04-18,MIL,1,2.2,0.6,109.0
2018-04-18,SDP,0,18.3,12.2,0.0
2018-04-18,MIN,1,5.0,-4.4,0.0
2018-04-18,TBR,1,29.4,13.9,0.0
2018-04-18,PIT,1,12.2,-1.6,56.0
2018-04-18,NYM,1,12.8,3.9,0.0
2018-04-18,ARI,0,28.3,12.2,0.0
2018-04-18,OAK,1,14.4,7.8,0.0
2018-04-19,NYY,1,9.4,3.3,38.0
2018-04-19,DET,1,11.1,1.1,0.0
2018-04-19,ATL,1,20.0,10.0,0.0
2018-04-19,SEA,0,16.7,3.9,0.0
2018-04-19,LAA,0,24.4,8.3,0.0
2018-04-19,PHI,1,10.6,5.0,0.0
2018-04-19,MIL,1,10.0,-0.5,0.0
2018-04-19,ARI,1,29.4,14.4,0.0
2018-04-19,CHC,1,12.8,1.1,8.0
2018-04-20,NYY,0,10.0,2.8,0.0
2018-04-20,BAL,1,15.0,3.3,0.0
2018-04-20,ATL,0,20.0,6.7,0.0
2018-04-20,TEX,0,20.6,10.6,0.0
2018-04-20,LAA,0,26.7,8.9,0.0
2018-04-20,STL,1,16.7,2.8,0.0
2018-04-20,LAD,0,23.3,12.2,0.0
2018-04-20,PHI,1,12.2,2.2,0.0
2018-04-20,MIL,1,11.7,-1.0,0.0
2018-04-20,TBR,1,27.8,18.3,0.0
2018-04-20,COL,0,19.4,0.6,0.0
2018-04-20,CHW,0,16.1,0.6,0.0
2018-04-20,DET,1,12.8,0.6,0.0
2018-04-20,DET,0,12.8,0.6,0.0
2018-04-20,ARI,0,25.6,13.3,0.0
2018-04-20,OAK,0,19.4,7.8,0.0
2018-04-21,NYY,1,17.2,3.9,0.0
2018-04-21,BAL,0,17.8,6.7,0.0
2018-04-21,ATL,1,22.2,7.8,0.0
2018-04-21,TEX,0,20.6,10.0,0.0
2018-04-21,LAA,1,29.4,10.0,0.0
2018-04-21,STL,1,19.4,4.4,0.0
2018-04-21,LAD,1,28.3,11.7,0.0
2018-04-21,PHI,1,15.6,2.2,0.0
2018-04-21,MIL,1,13.3,-0.5,0.0
2018-04-21,TBR,1,32.2,19.4,0.0
2018-04-21,COL,1,13.3,0.0,84.0
2018-04-21,CHW,0,11.7,5.0,0.0
2018-04-21,DET,1,12.2,-1.6,0.0
2018-04-21,ARI,1,31.7,15.0,0.0
2018-04-21,OAK,1,22.8,7.8,0.0
2018-04-22,NYY,1,19.4,6.7,0.0
2018-04-22,BAL,0,19.4,10.0,0.0
2018-04-22,TEX,1,18.3,11.1,107.0
2018-04-22,LAA,0,28.3,10.6,0.0
2018-04-22,STL,1,16.1,10.6,5.0
2018-04-22,LAD,1,26.1,13.9,0.0
2018-04-22,PHI,1,18.9,4.4,0.0
2018-04-22,MIL,1,13.9,0.6,0.0
2018-04-22,TBR,1,32.2,22.2,0.0
2018-04-22,COL,0,5.0,-1.7,23.0
2018-04-22,CHW,0,16.7,6.7,0.0
2018-04-22,DET,0,15.6,0.0,0.0
2018-04-22,ARI,1,34.4,17.2,0.0
2018-04-22,OAK,1,25.0,8.3,0.0
2018-04-23,BAL,0,21.1,11.7,0.0
2018-04-23,CIN,1,15.6,6.1,114.0
2018-04-23,CHW,1,17.8,6.1,0.0
2018-04-23,HOU,0,26.7,11.7,0.0
2018-04-23,LAD,1,24.4,12.8,0.0
2018-04-23,TEX,0,18.9,10.6,0.0
2018-04-23,NYY,1,20.0,7.8,0.0
2018-04-23,SFG,1,21.1,11.1,0.0
2018-04-23,COL,0,18.3,-0.6,0.0
2018-04-24,TOR,1,18.0,5.0,122.0
2018-04-24,CIN,1,13.9,10.6,48.0
2018-04-24,CHW,0,17.8,8.3,0.0
2018-04-24,HOU,0,30.0,13.9,0.0
2018-04-24,LAD,0,21.1,11.7,0.0
2018-04-24,CLE,0,15.0,8.9,46.0
2018-04-24,TEX,0,23.3,10.6,0.0
2018-04-24,NYY,1,18.9,7.8,13.0
2018-04-24,SFG,1,15.0,10.6,0.0
2018-04-24,COL,1,22.8,0.0,51.0
2018-04-24,STL,0,22.2,10.0,0.0
2018-04-24,KCR,0,23.3,11.1,0.0
2018-04-24,PHI,0,17.8,5.0,28.0
2018-04-25,TOR,0,11.0,6.0,76.0
2018-04-25,BAL,0,20.0,13.3,267.0
2018-04-25,CIN,0,18.9,7.8,0.0
2018-04-25,CHW,0,11.7,3.9,0.0
2018-04-25,HOU,1,29.4,16.1,0.0
2018-04-25,LAD,0,21.1,12.8,0.0
2018-04-25,CLE,1,9.4,4.4,15.0
2018-04-25,TEX,1,27.8,12.8,61.0
2018-04-25,PIT,0,15.0,5.6,5.0
2018-04-25,PIT,1,15.0,5.6,5.0
2018-04-25,NYY,1,15.6,11.1,241.0
2018-04-25,SFG,0,14.4,9.4,0.0
2018-04-25,COL,1,3.3,-1.7,18.0
2018-04-25,STL,1,18.9,8.3,0.0
2018-04-25,KCR,0,24.4,11.1,0.0
2018-04-25,PHI,1,20.0,11.7,41.0
2018-04-26,TOR,0,16.5,3.5,0.0
2018-04-26,BAL,0,21.7,10.0,0.0
2018-04-26,CIN,0,20.6,5.6,0.0
2018-04-26,CLE,0,10.6,2.2,0.0
2018-04-26,PIT,1,16.7,3.3,0.0
2018-04-26,NYY,1,21.1,12.8,25.0
2018-04-26,CHC,1,18.9,2.2,0.0
2018-04-26,STL,1,22.2,10.0,0.0
2018-04-26,KCR,0,12.2,6.1,99.0
2018-04-26,PHI,0,19.4,10.6,0.0
2018-04-27,TOR,0,13.5,3.0,24.0
2018-04-27,BAL,1,17.2,12.2,104.0
2018-04-27,PHI,1,15.0,10.0,64.0
2018-04-27,CLE,1,17.2,5.6,18.0
2018-04-27,LAA,0,23.9,10.0,0.0
2018-04-27,MIN,0,16.7,3.9,0.0
2018-04-27,SFG,1,17.2,11.1,0.0
2018-04-27,PIT,1,19.4,6.7,0.0
2018-04-27,MIA,0,28.3,21.1,130.0
2018-04-27,WSN,0,17.8,12.2,183.0
2018-04-27,CHC,1,12.8,5.0,8.0
2018-04-27,KCR,0,20.0,6.1,0.0
2018-04-27,BOS,0,13.9,7.8,137.0
2018-04-27,SDP,0,20.0,14.4,0.0
2018-04-27,HOU,0,26.7,14.4,0.0
2018-04-28,TOR,0,7.0,3.0,82.0
2018-04-28,BAL,0,23.9,11.7,5.0
2018-04-28,PHI,0,23.3,7.8,36.0
2018-04-28,CLE,0,5.6,2.8,36.0
2018-04-28,LAA,0,23.9,12.2,0.0
2018-04-28,MIN,1,15.0,1.7,0.0
2018-04-28,SFG,0,17.2,11.7,0.0
2018-04-28,SFG,1,17.2,11.7,0.0
2018-04-28,PIT,1,15.0,2.8,3.0
2018-04-28,MIA,1,30.0,19.4,0.0
2018-04-28,WSN,0,25.6,10.6,0.0
2018-04-28,CHC,1,10.6,3.3,0.0
2018-04-28,KCR,0,22.8,7.2,0.0
2018-04-28,KCR,1,22.8,7.2,0.0
2018-04-28,BOS,0,21.1,7.8,0.0
2018-04-28,SDP,1,20.6,14.4,0.0
2018-04-28,HOU,1,28.3,14.4,0.0
2018-04-29,TOR,1,11.5,0.5,0.0
2018-04-29,BAL,1,13.3,7.8,0.0
2018-04-29,PHI,0,13.3,7.2,38.0
2018-04-29,CLE,0,8.3,2.8,0.0
2018-04-29,LAA,0,21.1,13.3,0.0
2018-04-29,MIN,0,12.8,2.8,0.0
2018-04-29,SFG,1,16.1,11.1,0.0
2018-04-29,PIT,1,10.6,0.0,0.0
2018-04-29,MIA,1,28.9,20.6,0.0
2018-04-29,WSN,1,14.4,7.2,0.0
2018-04-29,CHC,1,13.9,0.6,0.0
2018-04-29,KCR,1,19.4,7.2,0.0
2018-04-29,BOS,1,15.6,6.1,13.0
2018-04-29,SDP,0,18.9,15.0,0.0
2018-04-29,HOU,1,27.2,14.4,0.0
2018-04-30,MIN,0,19.4,5.6,0.0
2018-04-30,CIN,0,22.2,0.6,0.0
2018-04-30,ARI,1,30.0,19.4,0.0
2018-04-30,CLE,1,16.7,4.4,0.0
2018-04-30,WSN,1,22.8,5.0,0.0
2018-04-30,HOU,1,26.7,16.1,0.0
2018-04-30,MIA,1,28.9,22.8,0.0
2018-04-30,CHC,1,26.7,5.6,0.0
2018-04-30,SFG,1,15.6,10.0,0.0
2018-04-30,BOS,1,8.9,4.4,51.0
2018-04-30,DET,0,21.7,2.2,0.0
2018-05-01,MIN,0,27.2,10.6,5.0
2018-05-01,LAA,1,17.8,10.0,0.0
2018-05-01,NYM,0,27.8,10.0,0.0
2018-05-01,SEA,1,16.7,9.4,0.0
2018-05-01,CIN,0,26.7,3.3,0.0
2018-05-01,ARI,1,25.0,17.8,0.0
2018-05-01,CLE,0,27.8,11.7,0.0
2018-05-01,WSN,1,28.3,9.4,0.0
2018-05-01,HOU,0,26.7,21.1,0.0
2018-05-01,MIA,1,28.3,22.8,18.0
2018-05-01,CHC,0,30.0,14.4,0.0
2018-05-01,SFG,0,16.7,9.4,0.0
2018-05-01,STL,1,30.6,16.1,0.0
2018-05-01,BOS,0,19.4,6.7,0.0
2018-05-01,DET,1,28.3,10.6,0.0
2018-05-02,MIN,1,20.0,7.8,58.0
2018-05-02,LAA,1,17.8,9.4,43.0
2018-05-02,NYM,0,32.2,18.3,0.0
2018-05-02,SEA,0,20.6,6.1,0.0
2018-05-02,CIN,0,28.9,10.0,0.0
2018-05-02,ARI,0,23.9,15.6,0.0
2018-05-02,CLE,1,28.9,15.6,0.0
2018-05-02,WSN,1,32.8,13.3,0.0
2018-05-02,HOU,0,29.4,22.8,0.0
2018-05-02,MIA,0,28.3,22.2,56.0
2018-05-02,CHC,0,31.1,18.9,66.0
2018-05-02,SFG,1,15.6,10.0,0.0
2018-05-02,STL,1,30.6,20.6,0.0
2018-05-02,BOS,1,31.7,14.4,0.0
2018-05-02,DET,1,28.9,16.7,86.0
2018-05-03,CLE,0,23.9,15.0,198.0
2018-05-03,CLE,1,23.9,15.0,198.0
2018-05-03,LAA,1,20.6,12.8,0.0
2018-05-03,NYM,0,33.9,21.1,3.0
2018-05-03,SEA,1,24.4,9.4,0.0
2018-05-03,ARI,0,28.3,14.4,0.0
2018-05-03,TEX,1,28.9,21.7,3.0
2018-05-03,WSN,1,32.2,17.8,0.0
2018-05-03,HOU,0,28.9,23.3,0.0
2018-05-03,CHW,1,21.7,14.4,48.0
2018-05-03,KCR,1,27.8,15.0,102.0
2018-05-04,TBR,1,32.2,20.0,0.0
2018-05-04,OAK,1,20.6,10.6,0.0
2018-05-04,ATL,0,28.3,15.0,0.0
2018-05-04,SEA,0,17.8,11.1,0.0
2018-05-04,CIN,1,26.7,16.1,8.0
2018-05-04,SDP,0,26.7,13.9,0.0
2018-05-04,NYY,1,28.9,22.2,0.0
2018-05-04,TEX,0,24.4,18.3,99.0
2018-05-04,MIL,0,24.4,9.4,0.0
2018-05-04,CHW,0,23.9,17.2,0.0
2018-05-04,WSN,1,32.2,20.6,0.0
2018-05-04,NYM,0,28.9,20.0,0.0
2018-05-04,STL,1,23.9,13.9,0.0
2018-05-04,KCR,1,25.0,14.4,56.0
2018-05-04,ARI,0,35.6,17.8,0.0
2018-05-05,TBR,1,31.7,17.8,0.0
2018-05-05,OAK,1,16.1,10.0,0.0
2018-05-05,ATL,0,25.6,18.9,0.0
2018-05-05,SEA,1,20.0,8.9,5.0
2018-05-05,CIN,0,18.3,12.8,43.0
2018-05-05,SDP,1,23.9,15.0,0.0
2018-05-05,NYY,1,24.4,16.1,0.0
2018-05-05,TEX,0,21.7,15.0,196.0
2018-05-05,MIL,1,27.2,10.6,0.0
2018-05-05,CHW,0,27.8,13.9,0.0
2018-05-05,WSN,0,24.4,16.7,0.0
2018-05-05,NYM,0,24.4,16.1,0.0
2018-05-05,STL,1,27.2,12.2,0.0
2018-05-05,KCR,0,25.0,13.9,0.0
2018-05-05,ARI,1,39.4,20.0,0.0
2018-05-06,TBR,0,28.9,22.8,0.0
2018-05-06,OAK,1,17.8,11.7,0.0
2018-05-06,ATL,0,26.7,15.6,0.0
2018-05-06,SEA,0,24.4,11.7,0.0
2018-05-06,CIN,0,25.6,12.2,36.0
2018-05-06,SDP,1,22.8,15.6,0.0
2018-05-06,NYY,1,18.9,13.3,0.0
2018-05-06,TEX,0,26.7,13.3,0.0
2018-05-06,MIL,0,15.6,8.9,3.0
2018-05-06,CHW,0,20.6,11.1,0.0
2018-05-06,WSN,1,22.8,15.0,0.0
2018-05-06,NYM,0,20.0,12.2,0.0
2018-05-06,STL,1,28.9,15.6,3.0
2018-05-06,KCR,1,28.3,14.4,0.0
2018-05-06,ARI,1,41.1,22.8,0.0
2018-05-07,CIN,0,23.3,10.0,0.0
2018-05-07,TEX,1,30.6,13.9,0.0
2018-05-07,CHC,1,22.8,10.0,0.0
2018-05-07,STL,0,25.6,13.3,0.0
2018-05-07,SDP,0,20.0,15.6,0.0
2018-05-07,PHI,1,23.9,12.8,0.0
2018-05-07,OAK,0,21.1,8.9,0.0
2018-05-08,TOR,0,17.5,6.0,0.0
2018-05-08,BAL,0,25.6,15.6,0.0
2018-05-08,TBR,0,32.8,19.4,0.0
2018-05-08,COL,1,26.1,8.9,0.0
2018-05-08,CIN,1,26.1,6.7,0.0
2018-05-08,LAD,0,24.4,14.4,0.0
2018-05-08,MIL,1,27.8,14.4,0.0
2018-05-08,TEX,0,32.8,16.1,0.0
2018-05-08,CHW,0,28.3,13.3,0.0
2018-05-08,NYY,1,23.3,11.7,0.0
2018-05-08,CHC,1,28.3,13.3,0.0
2018-05-08,STL,0,26.7,11.7,0.0
2018-05-08,SDP,0,18.9,15.0,0.0
2018-05-08,PHI,1,25.0,10.6,0.0
2018-05-08,OAK,0,18.9,10.6,0.0
2018-05-09,TOR,1,22.0,8.0,70.0
2018-05-09,BAL,1,26.1,15.6,0.0
2018-05-09,TBR,0,32.8,19.4,0.0
2018-05-09,COL,0,25.0,7.8,0.0
2018-05-09,CIN,1,27.2,11.1,5.0
2018-05-09,LAD,1,23.9,15.0,0.0
2018-05-09,MIL,0,22.8,9.4,198.0
2018-05-09,TEX,1,30.6,18.9,0.0
2018-05-09,CHW,0,28.3,15.6,53.0
2018-05-09,NYY,1,25.0,12.2,0.0
2018-05-09,CHC,1,28.3,15.6,53.0
2018-05-09,SDP,1,21.1,15.6,0.0
2018-05-09,PHI,1,26.1,11.1,0.0
2018-05-09,OAK,0,19.4,11.7,0.0
2018-05-10,TOR,0,21.5,14.0,0.0
2018-05-10,BAL,1,29.4,16.1,10.0
2018-05-10,MIA,0,28.9,22.8,0.0
2018-05-10,LAA,1,26.7,12.8,0.0
2018-05-10,LAD,0,24.4,15.6,0.0
2018-05-10,NYY,0,18.9,12.2,64.0
2018-05-10,ARI,0,41.1,23.3,0.0
2018-05-10,COL,0,25.6,7.8,0.0
2018-05-10,PHI,1,26.7,9.4,0.0
2018-05-10,SDP,0,20.0,15.6,0.0
2018-05-11,TOR,1,12.0,4.0,10.0
2018-05-11,BAL,1,27.8,18.3,0.0
2018-05-11,MIA,1,29.4,23.9,0.0
2018-05-11,LAA,0,21.7,14.4,0.0
2018-05-11,LAD,0,18.3,15.6,0.0
2018-05-11,CLE,0,12.2,7.2,0.0
2018-05-11,HOU,0,30.6,21.1,0.0
2018-05-11,PIT,1,19.4,11.1,0.0
2018-05-11,NYY,0,22.8,15.6,0.0
2018-05-11,ARI,0,38.9,23.9,0.0
2018-05-11,COL,0,31.7,10.0,0.0
2018-05-11,CHC,1,13.9,9.4,15.0
2018-05-11,SDP,0,16.7,15.0,0.0
2018-05-11,PHI,0,25.0,15.0,0.0
2018-05-12,TOR,0,13.5,4.5,0.0
2018-05-12,BAL,1,28.3,16.7,244.0
2018-05-12,BAL,0,28.3,16.7,244.0
2018-05-12,MIA,0,26.7,24.4,0.0
2018-05-12,DET,1,10.6,5.6,660.0
2018-05-12,DET,0,10.6,5.6,660.0
2018-05-12,LAA,0,17.2,11.7,0.0
2018-05-12,LAD,0,18.9,13.9,0.0
2018-05-12,CLE,1,12.2,8.3,79.0
2018-05-12,HOU,1,31.1,22.2,0.0
2018-05-12,PIT,1,28.3,10.0,142.0
2018-05-12,NYY,1,17.2,10.6,56.0
2018-05-12,ARI,0,32.2,22.2,0.0
2018-05-12,COL,1,23.9,10.6,8.0
2018-05-12,CHC,1,11.7,7.8,109.0
2018-05-12,SDP,1,17.8,13.9,3.0
2018-05-13,TOR,0,15.0,7.0,0.0
2018-05-13,BAL,1,19.4,15.0,61.0
2018-05-13,MIA,0,27.2,21.7,312.0
2018-05-13,DET,1,18.3,6.1,122.0
2018-05-13,LAA,1,23.3,14.4,0.0
2018-05-13,LAD,0,21.1,14.4,8.0
2018-05-13,CLE,1,13.3,7.8,175.0
2018-05-13,HOU,1,32.2,21.7,0.0
2018-05-13,PIT,0,23.9,13.9,66.0
2018-05-13,NYY,1,12.2,11.1,25.0
2018-05-13,ARI,0,32.2,18.9,0.0
2018-05-13,COL,0,16.7,10.0,15.0
2018-05-13,CHC,0,20.6,9.4,3.0
2018-05-13,SDP,1,20.6,15.6,0.0
2018-05-13,PHI,1,13.9,11.7,124.0
2018-05-14,CHC,0,30.0,12.2,328.0
2018-05-14,MIN,0,21.1,10.0,0.0
2018-05-14,LAA,1,23.9,9.4,0.0
2018-05-14,SFG,1,14.4,11.1,0.0
2018-05-14,DET,1,24.4,10.6,8.0
2018-05-14,SDP,0,20.6,15.0,0.0
2018-05-14,ARI,0,35.0,20.0,0.0
2018-05-14,KCR,0,32.8,19.4,0.0
2018-05-14,BOS,0,20.6,9.4,0.0
2018-05-15,NYM,1,33.3,15.6,112.0
2018-05-15,ATL,0,25.6,20.6,142.0
2018-05-15,SEA,1,21.7,12.8,0.0
2018-05-15,LAA,0,23.9,11.7,0.0
2018-05-15,SFG,1,17.2,12.2,0.0
2018-05-15,MIA,1,30.6,20.6,201.0
2018-05-15,DET,1,22.2,11.1,170.0
2018-05-15,PIT,1,28.3,15.6,0.0
2018-05-15,WSN,1,31.7,18.9,104.0
2018-05-15,MIN,1,22.8,10.6,81.0
2018-05-15,SDP,1,20.6,16.1,0.0
2018-05-15,ARI,1,35.0,20.6,0.0
2018-05-15,KCR,0,32.8,17.8,10.0
2018-05-15,BOS,0,29.4,14.4,254.0
2018-05-16,NYM,0,18.3,12.8,107.0
2018-05-16,BAL,0,21.7,17.8,254.0
2018-05-16,ATL,1,24.4,20.6,135.0
2018-05-16,SEA,0,21.1,12.2,0.0
2018-05-16,LAA,0,24.4,8.9,0.0
2018-05-16,SFG,0,17.2,11.7,0.0
2018-05-16,MIA,1,30.0,22.2,0.0
2018-05-16,DET,0,23.3,9.4,0.0
2018-05-16,PIT,1,23.9,16.1,234.0
2018-05-16,MIN,0,23.9,12.8,0.0
2018-05-16,ARI,0,37.2,21.1,0.0
2018-05-16,KCR,0,27.2,17.2,0.0
2018-05-16,BOS,1,16.7,10.0,0.0
2018-05-17,TOR,0,24.0,10.0,0.0
2018-05-17,BOS,1,21.7,10.6,0.0
2018-05-17,SEA,0,18.9,12.2,0.0
2018-05-17,LAA,0,23.3,9.4,0.0
2018-05-17,MIA,0,27.8,22.2,206.0
2018-05-17,CHW,1,22.8,12.2,0.0
2018-05-17,PIT,1,25.6,16.7,0.0
2018-05-17,SFG,0,16.7,11.7,0.0
2018-05-17,STL,0,28.3,20.0,0.0
2018-05-18,TOR,0,13.0,7.5,64.0
2018-05-18,BOS,0,18.3,8.3,0.0
2018-05-18,ATL,0,28.3,18.9,0.0
2018-05-18,SEA,1,17.8,12.2,0.0
2018-05-18,LAA,0,21.1,15.6,0.0
2018-05-18,CIN,0,25.0,17.8,28.0
2018-05-18,HOU,1,32.8,21.7,0.0
2018-05-18,CHW,0,20.0,11.7,8.0
2018-05-18,PIT,0,22.2,15.6,5.0
2018-05-18,KCR,1,27.8,14.4,0.0
2018-05-18,MIN,0,28.3,12.8,0.0
2018-05-18,SFG,0,15.6,11.1,0.0
2018-05-18,STL,1,22.2,18.3,409.0
2018-05-18,NYM,1,19.4,13.3,0.0
2018-05-19,TOR,0,18.0,7.5,30.0
2018-05-19,BOS,1,12.8,7.8,51.0
2018-05-19,ATL,1,30.0,21.1,0.0
2018-05-19,SEA,1,23.3,12.8,48.0
2018-05-19,LAA,0,20.0,10.0,0.0
2018-05-19,CIN,1,27.2,17.2,10.0
2018-05-19,CIN,0,27.2,17.2,10.0
2018-05-19,WSN,0,22.2,13.9,196.0
2018-05-19,WSN,0,22.2,13.9,196.0
2018-05-19,HOU,0,31.7,22.8,0.0
2018-05-19,CHW,1,20.6,13.9,51.0
2018-05-19,PIT,0,25.0,13.3,208.0
2018-05-19,KCR,0,30.0,16.7,51.0
2018-05-19,MIN,0,28.3,12.8,0.0
2018-05-19,SFG,1,15.0,11.1,0.0
2018-05-19,STL,0,26.7,18.3,18.0
2018-05-19,NYM,1,13.3,10.0,163.0
2018-05-20,TOR,0,20.5,10.0,0.0
2018-05-20,BOS,1,27.2,12.2,20.0
2018-05-20,ATL,1,30.0,20.0,277.0
2018-05-20,SEA,1,17.8,12.2,3.0
2018-05-20,LAA,1,21.1,14.4,0.0
2018-05-20,CIN,0,30.6,16.7,0.0
2018-05-20,WSN,0,31.7,20.0,0.0
2018-05-20,HOU,1,32.2,21.1,0.0
2018-05-20,CHW,1,15.6,7.2,20.0
2018-05-20,PIT,0,23.9,16.1,5.0
2018-05-20,KCR,0,27.8,17.2,48.0
2018-05-20,MIN,1,16.1,5.6,0.0
2018-05-20,SFG,1,15.0,11.1,0.0
2018-05-20,STL,1,26.7,17.2,94.0
2018-05-20,NYM,1,28.9,12.8,0.0
2018-05-21,CHW,0,18.3,10.0,312.0
2018-05-21,PHI,1,26.1,16.1,0.0
2018-05-21,LAD,0,19.4,15.6,10.0
2018-05-21,TEX,0,25.6,18.9,112.0
2018-05-21,NYM,1,26.1,15.6,0.0
2018-05-21,MIN,1,21.7,7.2,0.0
2018-05-21,WSN,1,27.8,19.4,0.0
2018-05-21,STL,1,27.2,18.3,30.0
2018-05-21,MIL,1,12.2,7.2,135.0
2018-05-22,TOR,1,18.5,9.0,4.0
2018-05-22,CHW,1,19.4,12.2,13.0
2018-05-22,PHI,0,18.9,15.0,89.0
2018-05-22,OAK,0,14.4,11.7,0.0
2018-05-22,CIN,1,28.9,18.3,188.0
2018-05-22,LAD,1,20.0,15.0,0.0
2018-05-22,CHC,0,19.4,12.2,13.0
2018-05-22,TEX,1,28.9,18.9,0.0
2018-05-22,NYM,0,21.1,13.3,53.0
2018-05-22,MIN,1,20.6,12.2,0.0
2018-05-22,WSN,1,26.7,18.3,312.0
2018-05-22,HOU,1,29.4,20.6,140.0
2018-05-22,STL,0,28.9,18.9,0.0
2018-05-22,MIL,1,18.9,8.9,3.0
2018-05-22,TBR,0,30.0,22.8,353.0
2018-05-23,TOR,0,27.5,11.5,0.0
2018-05-23,CHW,1,25.6,10.6,0.0
2018-05-23,PHI,1,26.7,16.1,0.0
2018-05-23,OAK,0,16.7,12.2,0.0
2018-05-23,CIN,0,26.7,15.0,0.0
2018-05-23,LAD,1,20.6,15.0,0.0
2018-05-23,CHC,0,25.6,10.6,0.0
2018-05-23,TEX,1,30.6,20.6,0.0
2018-05-23,NYM,0,27.8,13.9,53.0
2018-05-23,MIN,0,23.3,15.0,0.0
2018-05-23,WSN,0,28.3,18.9,0.0
2018-05-23,HOU,1,27.8,21.7,0.0
2018-05-23,STL,0,30.0,18.9,0.0
2018-05-23,MIL,1,24.4,10.0,0.0
2018-05-23,TBR,0,31.7,22.2,0.0
2018-05-24,TOR,0,28.5,11.0,0.0
2018-05-24,CHW,0,30.6,15.0,0.0
2018-05-24,OAK,1,16.1,11.7,0.0
2018-05-24,CIN,1,28.3,12.8,0.0
2018-05-24,CLE,0,22.2,13.3,0.0
2018-05-24,TEX,0,31.7,20.6,0.0
2018-05-24,MIL,0,26.7,12.8,0.0
2018-05-24,TBR,1,32.2,23.9,170.0
2018-05-25,PHI,0,30.0,16.1,0.0
2018-05-25,TBR,0,32.2,23.9,20.0
2018-05-25,BOS,1,31.1,12.2,0.0
2018-05-25,SEA,1,18.9,10.6,0.0
2018-05-25,NYY,1,30.0,18.3,0.0
2018-05-25,COL,1,29.4,9.4,0.0
2018-05-25,LAD,1,20.6,13.9,0.0
2018-05-25,CLE,0,27.8,16.1,0.0
2018-05-25,TEX,1,31.7,21.7,0.0
2018-05-25,PIT,1,28.9,13.3,0.0
2018-05-25,MIA,0,27.2,22.2,168.0
2018-05-25,CHC,1,32.2,20.0,33.0
2018-05-25,MIL,1,31.1,18.3,0.0
2018-05-25,DET,1,30.0,14.4,0.0
2018-05-25,OAK,0,17.8,12.8,0.0
2018-05-26,PHI,1,31.7,20.6,216.0
2018-05-26,TBR,1,26.7,21.7,135.0
2018-05-26,BOS,1,31.7,16.1,0.0
2018-05-26,SEA,1,18.9,11.1,3.0
2018-05-26,NYY,0,31.7,22.2,0.0
2018-05-26,COL,0,31.7,10.0,0.0
2018-05-26,LAD,0,22.2,13.9,0.0
2018-05-26,CLE,1,26.1,20.0,0.0
2018-05-26,TEX,1,32.2,21.7,0.0
2018-05-26,PIT,0,29.4,18.3,140.0
2018-05-26,MIA,0,25.6,21.7,409.0
2018-05-26,CHC,0,32.2,20.6,0.0
2018-05-26,MIL,1,30.0,20.0,0.0
2018-05-26,DET,0,27.8,17.8,0.0
2018-05-26,OAK,1,17.8,12.2,0.0
2018-05-27,PHI,0,25.0,14.4,20.0
2018-05-27,TBR,1,29.4,22.2,117.0
2018-05-27,BOS,0,16.1,10.0,5.0
2018-05-27,SEA,1,22.8,9.4,0.0
2018-05-27,NYY,1,26.7,13.3,112.0
2018-05-27,COL,1,31.7,12.8,0.0
2018-05-27,LAD,1,23.3,14.4,0.0
2018-05-27,CLE,1,27.8,19.4,0.0
2018-05-27,TEX,0,36.1,21.7,0.0
2018-05-27,PIT,0,27.8,18.3,117.0
2018-05-27,MIA,0,28.3,23.3,348.0
2018-05-27,CHC,1,35.6,22.2,0.0
2018-05-27,MIL,1,35.0,20.0,0.0
2018-05-27,DET,1,31.7,17.8,0.0
2018-05-27,OAK,1,21.7,10.0,0.0
2018-05-28,BOS,1,15.0,10.0,15.0
2018-05-28,BAL,0,22.8,16.7,0.0
2018-05-28,ATL,1,29.4,20.6,132.0
2018-05-28,ATL,0,29.4,20.6,132.0
2018-05-28,SEA,1,21.7,9.4,0.0
2018-05-28,DET,1,33.9,19.4,0.0
2018-05-28,ARI,1,36.7,21.7,0.0
2018-05-28,LAD,1,22.8,14.4,0.0
2018-05-28,CLE,1,27.8,22.2,0.0
2018-05-28,PIT,0,30.0,18.3,0.0
2018-05-28,NYY,0,20.6,13.3,0.0
2018-05-28,SDP,0,21.1,16.1,0.0
2018-05-28,KCR,0,35.0,21.7,0.0
2018-05-28,COL,1,28.3,13.3,0.0
2018-05-28,MIL,1,30.6,16.1,0.0
2018-05-28,OAK,0,27.2,12.2,0.0
2018-05-29,BOS,1,29.4,14.4,0.0
2018-05-29,BAL,0,28.3,20.0,0.0
2018-05-29,ATL,1,27.8,21.1,102.0
2018-05-29,SEA,0,18.3,10.6,8.0
2018-05-29,DET,0,31.7,20.6,0.0
2018-05-29,ARI,1,38.9,23.9,0.0
2018-05-29,LAD,0,22.2,16.1,0.0
2018-05-29,CLE,1,28.3,20.6,0.0
2018-05-29,PIT,0,31.7,20.0,0.0
2018-05-29,NYY,1,31.7,17.2,0.0
2018-05-29,SDP,1,18.3,16.1,0.0
2018-05-29,KCR,1,35.0,20.6,0.0
2018-05-29,COL,1,19.4,11.1,13.0
2018-05-29,MIL,0,22.8,15.6,0.0
2018-05-29,OAK,0,22.2,11.1,0.0
2018-05-30,BOS,1,20.6,15.6,0.0
2018-05-30,BAL,0,29.4,20.6,3.0
2018-05-30,ATL,0,27.8,21.7,13.0
2018-05-30,SEA,0,19.4,10.0,3.0
2018-05-30,DET,1,29.4,20.6,3.0
2018-05-30,ARI,0,38.9,26.7,0.0
2018-05-30,LAD,1,21.1,15.6,0.0
2018-05-30,CLE,1,30.6,20.0,5.0
2018-05-30,PIT,1,28.9,20.0,0.0
2018-05-30,NYY,1,25.6,16.1,0.0
2018-05-30,SDP,1,20.0,16.1,0.0
2018-05-30,KCR,1,33.3,18.3,43.0
2018-05-30,COL,0,24.4,7.2,0.0
2018-05-30,MIL,1,26.7,16.7,51.0
2018-05-30,OAK,0,16.1,10.6,0.0
2018-05-31,ATL,1,30.6,21.7,0.0
2018-05-31,SEA,1,17.8,9.4,5.0
2018-05-31,DET,1,31.7,23.3,0.0
2018-05-31,LAD,0,22.2,15.6,0.0
2018-05-31,MIN,0,23.3,17.8,8.0
2018-05-31,STL,1,31.7,23.9,0.0
2018-05-31,SDP,1,21.1,15.6,0.0
2018-05-31,NYM,0,21.1,16.7,13.0
2018-05-31,HOU,1,33.3,23.9,0.0
2018-05-31,OAK,1,17.8,11.1,0.0
2018-06-01,DET,1,27.2,14.4,0.0
2018-06-01,BAL,0,31.1,22.2,0.0
2018-06-01,ATL,1,31.7,20.0,135.0
2018-06-01,SEA,1,19.4,9.4,0.0
2018-06-01,LAA,1,26.7,15.6,0.0
2018-06-01,SDP,0,21.7,16.7,0.0
2018-06-01,COL,0,32.8,9.4,0.0
2018-06-01,MIN,1,29.4,18.9,0.0
2018-06-01,STL,0,35.6,21.7,0.0
2018-06-01,ARI,1,37.8,23.9,0.0
2018-06-01,SFG,1,20.0,10.0,0.0
2018-06-01,NYM,0,27.8,17.2,13.0
2018-06-01,CHW,1,26.7,12.2,0.0
2018-06-01,KCR,0,32.8,20.0,0.0
2018-06-01,HOU,1,34.4,24.4,0.0
2018-06-02,DET,1,22.2,12.2,0.0
2018-06-02,BAL,0,31.1,22.8,8.0
2018-06-02,ATL,0,31.7,20.0,8.0
2018-06-02,SEA,1,23.3,11.1,0.0
2018-06-02,LAA,0,26.7,11.7,0.0
2018-06-02,SDP,1,22.2,15.6,0.0
2018-06-02,COL,0,32.2,10.0,0.0
2018-06-02,MIN,1,27.2,16.7,0.0
2018-06-02,STL,1,30.0,21.7,79.0
2018-06-02,ARI,1,41.1,23.3,0.0
2018-06-02,SFG,1,25.6,11.7,0.0
2018-06-02,NYM,0,30.6,19.4,3.0
2018-06-02,CHW,0,23.3,11.7,137.0
2018-06-02,KCR,1,33.9,18.9,10.0
2018-06-02,HOU,0,34.4,23.9,0.0
2018-06-03,DET,0,24.4,12.8,218.0
2018-06-03,ATL,1,33.3,22.2,3.0
2018-06-03,SEA,1,17.8,11.1,3.0
2018-06-03,LAA,1,28.3,12.8,0.0
2018-06-03,SDP,1,22.8,17.2,0.0
2018-06-03,COL,0,26.7,8.3,0.0
2018-06-03,MIN,1,21.1,15.0,61.0
2018-06-03,STL,1,28.3,17.8,0.0
2018-06-03,ARI,1,42.2,24.4,0.0
2018-06-03,SFG,1,22.8,12.2,0.0
2018-06-03,NYM,0,19.4,11.7,76.0
2018-06-03,CHW,1,26.1,15.6,0.0
2018-06-03,KCR,0,27.2,16.7,0.0
2018-06-03,HOU,0,35.0,23.3,0.0
2018-06-04,SDP,1,20.6,16.7,0.0
2018-06-04,LAA,1,30.0,10.0,0.0
2018-06-04,DET,0,22.8,15.6,0.0
2018-06-04,DET,1,22.8,15.6,0.0
2018-06-04,SFG,1,17.8,11.1,0.0
2018-06-05,TOR,0,17.5,11.0,0.0
2018-06-05,NYM,0,25.0,15.0,0.0
2018-06-05,SDP,0,19.4,16.7,0.0
2018-06-05,HOU,0,35.0,23.3,0.0
2018-06-05,LAA,1,26.1,14.4,0.0
2018-06-05,CIN,0,28.9,10.6,0.0
2018-06-05,PIT,0,21.7,10.0,74.0
2018-06-05,CLE,1,18.3,12.8,43.0
2018-06-05,TEX,1,27.8,20.0,79.0
2018-06-05,STL,0,31.1,16.1,0.0
2018-06-05,MIN,1,30.0,15.6,0.0
2018-06-05,MIN,0,30.0,15.6,0.0
2018-06-05,WSN,1,28.9,16.1,0.0
2018-06-05,SFG,0,17.2,10.0,0.0
2018-06-05,CHC,0,23.3,13.3,3.0
2018-06-05,BOS,1,16.1,9.4,86.0
2018-06-06,TOR,0,16.0,10.5,0.0
2018-06-06,NYM,0,21.7,15.6,0.0
2018-06-06,SDP,1,21.7,17.2,0.0
2018-06-06,HOU,1,35.0,24.4,0.0
2018-06-06,LAA,1,26.7,16.1,0.0
2018-06-06,CIN,0,25.0,13.9,0.0
2018-06-06,PIT,1,15.0,8.3,0.0
2018-06-06,CLE,1,17.2,12.2,0.0
2018-06-06,TEX,1,35.0,22.2,102.0
2018-06-06,STL,0,32.2,18.9,0.0
2018-06-06,MIN,0,26.7,16.1,64.0
2018-06-06,WSN,1,25.6,17.2,0.0
2018-06-06,SFG,1,15.6,10.6,0.0
2018-06-06,CHC,1,26.7,11.1,10.0
2018-06-06,BOS,1,16.7,11.7,0.0
2018-06-07,TOR,1,25.5,10.0,0.0
2018-06-07,TBR,0,31.7,23.9,3.0
2018-06-07,CIN,1,29.4,12.8,0.0
2018-06-07,PIT,0,23.3,8.3,0.0
2018-06-07,TEX,0,34.4,23.9,0.0
2018-06-07,STL,1,34.4,23.3,0.0
2018-06-07,MIN,1,25.6,15.0,5.0
2018-06-07,CHC,1,27.2,17.2,0.0
2018-06-07,OAK,1,18.3,12.2,0.0
2018-06-07,BOS,0,22.2,12.2,0.0
2018-06-08,TOR,1,23.0,13.5,0.0
2018-06-08,LAD,1,27.2,15.0,0.0
2018-06-08,TBR,0,30.0,22.8,58.0
2018-06-08,MIN,0,25.6,16.7,0.0
2018-06-08,CIN,0,30.6,17.8,84.0
2018-06-08,DET,0,27.2,15.0,0.0
2018-06-08,TEX,0,33.9,22.8,13.0
2018-06-08,CHC,1,22.8,16.1,58.0
2018-06-08,NYM,0,28.3,16.7,0.0
2018-06-08,MIA,1,31.1,24.4,3.0
2018-06-08,WSN,0,28.9,18.3,244.0
2018-06-08,COL,0,32.8,12.2,0.0
2018-06-08,PHI,0,27.8,15.0,0.0
2018-06-08,BOS,0,27.2,12.8,0.0
2018-06-08,OAK,1,20.0,10.0,0.0
2018-06-09,TOR,1,21.5,13.5,0.0
2018-06-09,LAD,0,27.8,16.7,0.0
2018-06-09,TBR,1,31.7,23.3,0.0
2018-06-09,MIN,0,23.3,17.2,0.0
2018-06-09,CIN,0,32.2,16.7,0.0
2018-06-09,DET,1,19.4,16.7,18.0
2018-06-09,TEX,0,34.4,23.3,0.0
2018-06-09,CHC,1,27.2,14.4,71.0
2018-06-09,NYM,0,27.2,20.6,0.0
2018-06-09,MIA,0,30.0,21.7,602.0
2018-06-09,WSN,1,30.0,21.1,25.0
2018-06-09,COL,0,33.3,13.9,0.0
2018-06-09,PHI,0,29.4,18.9,3.0
2018-06-09,BOS,1,26.7,16.7,0.0
2018-06-09,OAK,0,20.0,12.8,0.0
2018-06-10,TOR,1,21.0,14.5,0.0
2018-06-10,LAD,1,26.7,16.7,0.0
2018-06-10,TBR,0,32.2,23.9,0.0
2018-06-10,MIN,1,22.2,17.8,71.0
2018-06-10,CIN,1,28.3,18.9,0.0
2018-06-10,DET,0,20.0,15.6,0.0
2018-06-10,TEX,0,34.4,21.7,0.0
2018-06-10,CHC,0,21.7,16.1,323.0
2018-06-10,NYM,1,22.8,16.1,3.0
2018-06-10,MIA,0,29.4,24.4,3.0
2018-06-10,WSN,0,27.2,18.3,0.0
2018-06-10,COL,0,34.4,11.1,0.0
2018-06-10,PHI,1,22.8,13.3,196.0
2018-06-10,BOS,0,22.2,15.6,0.0
2018-06-10,OAK,1,21.1,9.4,0.0
2018-06-11,TBR,1,31.7,25.0,0.0
2018-06-11,BAL,0,20.0,15.6,262.0
2018-06-11,SEA,1,20.0,8.9,0.0
2018-06-11,CHW,0,20.6,16.7,23.0
2018-06-11,ARI,1,41.7,25.0,0.0
2018-06-11,MIA,1,29.4,23.9,13.0
2018-06-11,MIL,0,18.3,13.3,0.0
2018-06-11,STL,1,34.4,22.2,0.0
2018-06-12,TBR,1,32.2,25.6,0.0
2018-06-12,BAL,0,26.1,15.0,0.0
2018-06-12,ATL,1,28.9,20.6,0.0
2018-06-12,SEA,1,20.0,9.4,0.0
2018-06-12,KCR,0,35.0,18.9,64.0
2018-06-12,LAD,1,28.9,17.2,0.0
2018-06-12,CHW,1,27.2,18.3,0.0
2018-06-12,ARI,1,42.8,26.1,0.0
2018-06-12,NYY,1,23.9,13.9,0.0
2018-06-12,MIA,1,30.6,23.9,33.0
2018-06-12,DET,0,25.6,15.6,3.0
2018-06-12,PHI,1,24.4,11.7,0.0
2018-06-12,MIL,1,23.9,15.0,0.0
2018-06-12,STL,0,32.8,24.4,0.0
2018-06-12,OAK,0,23.9,12.2,0.0
2018-06-13,TBR,1,32.8,24.4,0.0
2018-06-13,BAL,0,30.6,20.6,0.0
2018-06-13,ATL,1,31.1,22.2,290.0
2018-06-13,SEA,1,20.0,10.6,201.0
2018-06-13,KCR,0,30.6,19.4,0.0
2018-06-13,LAD,1,26.7,16.1,0.0
2018-06-13,CHW,1,28.3,18.3,0.0
2018-06-13,ARI,0,42.8,30.6,0.0
2018-06-13,NYY,0,25.6,17.2,10.0
2018-06-13,MIA,1,31.1,25.0,0.0
2018-06-13,DET,1,30.0,20.0,0.0
2018-06-13,PHI,0,27.2,18.3,0.0
2018-06-13,MIL,1,27.8,19.4,0.0
2018-06-13,STL,0,32.2,21.7,0.0
2018-06-13,OAK,0,22.8,11.1,0.0
2018-06-14,ATL,1,31.1,21.7,0.0
2018-06-14,SEA,0,19.4,11.7,3.0
2018-06-14,CHW,0,27.2,16.7,0.0
2018-06-14,NYY,1,28.9,19.4,0.0
2018-06-14,MIA,0,31.1,22.8,363.0
2018-06-14,DET,1,29.4,15.6,0.0
2018-06-14,PHI,1,30.0,21.1,0.0
2018-06-14,ARI,1,42.8,32.2,0.0
2018-06-14,OAK,0,21.1,12.2,0.0
2018-06-15,TOR,1,26.5,11.5,0.0
2018-06-15,BAL,0,28.9,20.6,0.0
2018-06-15,ATL,0,32.8,22.2,97.0
2018-06-15,SEA,1,22.2,10.0,0.0
2018-06-15,OAK,0,17.8,13.3,0.0
2018-06-15,PIT,1,26.1,13.9,0.0
2018-06-15,LAD,1,27.8,17.2,0.0
2018-06-15,CLE,0,23.3,17.2,0.0
2018-06-15,TEX,0,35.6,24.4,0.0
2018-06-15,NYY,1,24.4,17.2,0.0
2018-06-15,STL,0,35.6,21.7,0.0
2018-06-15,MIL,1,23.9,13.9,130.0
2018-06-15,CHW,0,31.7,18.3,0.0
2018-06-15,KCR,0,35.6,22.2,0.0
2018-06-15,ARI,1,35.0,27.8,0.0
2018-06-16,TOR,1,29.5,13.5,0.0
2018-06-16,BAL,0,31.7,20.0,0.0
2018-06-16,ATL,1,32.8,22.8,0.0
2018-06-16,SEA,1,25.0,10.6,0.0
2018-06-16,OAK,1,20.6,13.3,0.0
2018-06-16,PIT,1,27.8,12.8,0.0
2018-06-16,LAD,1,23.9,17.8,0.0
2018-06-16,CLE,0,30.0,20.0,0.0
2018-06-16,TEX,1,35.0,24.4,0.0
2018-06-16,NYY,1,29.4,17.8,0.0
2018-06-16,STL,0,35.6,25.0,0.0
2018-06-16,MIL,0,28.9,17.8,30.0
2018-06-16,CHW,0,33.9,21.1,160.0
2018-06-16,KCR,0,35.0,22.8,0.0
2018-06-16,ARI,0,27.8,23.3,0.0
2018-06-17,TOR,1,33.0,17.5,0.0
2018-06-17,BAL,1,32.8,23.3,0.0
2018-06-17,ATL,1,31.7,21.7,0.0
2018-06-17,SEA,0,27.8,13.3,0.0
2018-06-17,OAK,1,21.1,13.3,0.0
2018-06-17,PIT,0,31.1,20.0,0.0
2018-06-17,LAD,0,21.1,16.1,0.0
2018-06-17,CLE,1,32.2,20.6,0.0
2018-06-17,TEX,1,34.4,24.4,0.0
2018-06-17,NYY,0,32.8,18.9,0.0
2018-06-17,STL,1,35.6,26.7,0.0
2018-06-17,MIL,0,33.9,24.4,0.0
2018-06-17,CHW,0,35.0,25.6,0.0
2018-06-17,KCR,0,35.0,23.9,0.0
2018-06-17,ARI,0,37.8,23.3,0.0
2018-06-18,LAA,0,25.6,9.4,0.0
2018-06-18,CLE,1,32.8,23.3,20.0
2018-06-18,KCR,0,35.0,23.3,0.0
2018-06-18,PIT,1,32.2,21.7,0.0
2018-06-18,WSN,0,33.3,23.3,0.0
2018-06-18,SFG,0,17.2,12.2,0.0
2018-06-18,COL,0,22.8,12.8,109.0
2018-06-18,PHI,1,33.9,20.6,0.0
2018-06-18,HOU,1,29.4,23.9,104.0
2018-06-19,TOR,0,23.5,16.5,0.0
2018-06-19,WSN,1,35.0,25.0,284.0
2018-06-19,NYY,1,31.1,23.9,18.0
2018-06-19,LAA,1,26.7,10.0,0.0
2018-06-19,CIN,1,33.9,21.7,3.0
2018-06-19,CHC,0,28.9,18.9,25.0
2018-06-19,CHC,1,28.9,18.9,25.0
2018-06-19,CLE,1,25.0,20.6,74.0
2018-06-19,KCR,0,35.0,22.8,0.0
2018-06-19,PIT,0,27.8,21.1,13.0
2018-06-19,SFG,1,15.6,11.7,0.0
2018-06-19,MIN,1,26.1,18.9,76.0
2018-06-19,COL,1,25.6,13.3,79.0
2018-06-19,PHI,0,31.1,23.3,0.0
2018-06-19,SDP,0,22.2,17.8,0.0
2018-06-19,HOU,0,30.0,23.3,69.0
2018-06-20,TOR,1,24.0,15.0,2.0
2018-06-20,WSN,0,30.0,22.8,33.0
2018-06-20,NYY,1,28.3,20.6,23.0
2018-06-20,CIN,1,32.2,20.6,0.0
2018-06-20,CHC,1,26.1,18.9,0.0
2018-06-20,CLE,1,21.7,17.2,84.0
2018-06-20,KCR,0,33.9,22.2,76.0
2018-06-20,SFG,1,15.0,11.1,0.0
2018-06-20,MIN,1,22.2,18.3,36.0
2018-06-20,COL,1,25.6,10.0,13.0
2018-06-20,PHI,1,30.0,20.6,74.0
2018-06-20,SDP,0,21.7,17.8,0.0
2018-06-20,HOU,1,30.6,23.9,180.0
2018-06-21,LAA,1,29.4,11.1,0.0
2018-06-21,WSN,1,30.0,22.2,0.0
2018-06-21,NYY,1,28.3,18.3,150.0
2018-06-21,CIN,1,25.6,21.7,165.0
2018-06-21,PIT,0,24.4,18.3,0.0
2018-06-21,MIN,0,26.7,20.0,0.0
2018-06-21,COL,1,25.6,11.1,0.0
2018-06-21,SFG,1,20.6,10.6,0.0
2018-06-21,MIL,1,20.0,14.4,20.0
2018-06-22,LAA,1,30.0,10.0,0.0
2018-06-22,ATL,0,32.8,22.2,119.0
2018-06-22,BOS,1,21.1,15.6,0.0
2018-06-22,CIN,1,27.8,19.4,165.0
2018-06-22,NYM,0,23.9,17.8,25.0
2018-06-22,CLE,1,23.9,18.3,30.0
2018-06-22,MIN,0,26.1,17.8,0.0
2018-06-22,PIT,0,23.3,16.7,168.0
2018-06-22,TBR,1,32.8,25.6,91.0
2018-06-22,COL,1,28.9,13.3,0.0
2018-06-22,WSN,0,25.0,19.4,145.0
2018-06-22,SFG,0,21.7,11.7,0.0
2018-06-22,MIL,1,18.3,14.4,8.0
2018-06-22,CHW,0,18.3,16.1,262.0
2018-06-22,CHW,1,18.3,16.1,262.0
2018-06-22,HOU,0,35.0,23.9,0.0
2018-06-23,LAA,0,27.8,8.3,0.0
2018-06-23,ATL,0,28.3,22.2,46.0
2018-06-23,BOS,0,18.3,15.6,0.0
2018-06-23,CIN,1,26.7,18.9,23.0
2018-06-23,NYM,0,19.4,16.7,0.0
2018-06-23,CLE,1,23.9,18.9,48.0
2018-06-23,MIN,0,28.3,17.8,0.0
2018-06-23,PIT,0,26.1,17.2,91.0
2018-06-23,TBR,1,33.3,27.8,0.0
2018-06-23,COL,0,30.6,11.1,0.0
2018-06-23,WSN,0,27.2,19.4,15.0
2018-06-23,SFG,1,26.7,12.8,0.0
2018-06-23,MIL,0,23.9,12.8,0.0
2018-06-23,CHW,0,27.2,16.7,0.0
2018-06-23,HOU,1,33.9,23.9,0.0
2018-06-24,LAA,0,27.8,10.0,0.0
2018-06-24,ATL,1,33.3,23.3,0.0
2018-06-24,BOS,1,25.0,15.0,66.0
2018-06-24,CIN,1,29.4,17.8,0.0
2018-06-24,NYM,0,31.1,18.3,3.0
2018-06-24,CLE,1,23.3,18.9,0.0
2018-06-24,MIN,1,28.9,18.9,0.0
2018-06-24,PIT,0,26.1,17.8,15.0
2018-06-24,TBR,1,35.0,23.9,241.0
2018-06-24,COL,0,31.1,12.8,0.0
2018-06-24,WSN,1,32.8,21.7,28.0
2018-06-24,SFG,1,22.8,12.8,0.0
2018-06-24,MIL,0,22.2,15.0,0.0
2018-06-24,CHW,1,27.8,18.3,0.0
2018-06-24,HOU,1,33.3,25.6,0.0
2018-06-25,HOU,0,33.3,26.1,43.0
2018-06-25,BAL,0,29.4,22.2,0.0
2018-06-25,ATL,1,32.8,21.7,180.0
2018-06-25,KCR,1,29.4,20.0,25.0
2018-06-25,LAD,1,26.1,17.8,0.0
2018-06-25,STL,1,28.9,20.0,0.0
2018-06-25,TEX,1,36.1,26.1,3.0
2018-06-25,NYM,0,27.8,20.0,0.0
2018-06-25,PHI,0,27.8,19.4,0.0
2018-06-25,MIA,1,32.2,25.6,0.0
2018-06-25,TBR,1,33.9,23.9,64.0
2018-06-25,DET,0,23.3,12.8,0.0
2018-06-26,HOU,1,33.9,25.0,0.0
2018-06-26,BAL,0,30.0,19.4,0.0
2018-06-26,ATL,0,33.3,20.6,0.0
2018-06-26,BOS,1,26.1,15.6,0.0
2018-06-26,LAD,0,25.6,17.8,0.0
2018-06-26,STL,1,27.8,20.6,208.0
2018-06-26,TEX,0,33.9,23.3,0.0
2018-06-26,NYM,1,25.0,17.8,0.0
2018-06-26,PHI,0,27.2,16.1,0.0
2018-06-26,MIA,0,32.2,25.6,8.0
2018-06-26,CHW,1,29.4,19.4,244.0
2018-06-26,TBR,1,32.8,25.0,0.0
2018-06-26,SFG,1,17.8,11.7,0.0
2018-06-26,MIL,1,22.2,16.7,345.0
2018-06-26,DET,0,25.6,11.7,3.0
2018-06-27,HOU,1,35.0,25.0,18.0
2018-06-27,BAL,0,26.7,22.2,5.0
2018-06-27,ATL,0,32.2,21.7,46.0
2018-06-27,BOS,1,26.7,17.2,23.0
2018-06-27,LAD,1,26.7,17.2,0.0
2018-06-27,STL,0,32.8,20.6,0.0
2018-06-27,TEX,1,36.1,25.6,0.0
2018-06-27,NYM,0,23.9,20.0,18.0
2018-06-27,PHI,1,23.3,17.2,0.0
2018-06-27,MIA,0,31.7,23.9,69.0
2018-06-27,CHW,1,26.7,20.6,10.0
2018-06-27,SFG,1,14.4,12.2,0.0
2018-06-27,MIL,0,23.3,17.2,0.0
2018-06-27,DET,0,26.1,20.0,264.0
2018-06-28,BAL,0,32.8,24.4,0.0
2018-06-28,BOS,1,24.4,18.3,295.0
2018-06-28,CIN,0,31.1,18.3,0.0
2018-06-28,LAD,0,26.1,17.2,0.0
2018-06-28,MIA,0,33.3,23.9,36.0
2018-06-28,CHW,0,30.6,18.9,0.0
2018-06-28,PHI,1,31.1,22.2,64.0
2018-06-28,SFG,0,18.9,12.2,0.0
2018-06-28,DET,0,29.4,19.4,0.0
2018-06-28,TBR,0,33.3,25.0,165.0
2018-06-29,TOR,1,32.5,18.0,0.0
2018-06-29,BAL,0,35.0,24.4,0.0
2018-06-29,STL,0,35.0,22.8,0.0
2018-06-29,SEA,1,20.6,13.9,3.0
2018-06-29,CIN,0,32.2,18.9,0.0
2018-06-29,LAD,0,26.1,18.9,0.0
2018-06-29,OAK,1,23.3,12.8,0.0
2018-06-29,TEX,1,37.2,25.0,0.0
2018-06-29,SDP,0,19.4,17.2,0.0
2018-06-29,NYY,1,31.7,21.1,0.0
2018-06-29,MIA,1,32.2,23.9,0.0
2018-06-29,CHC,1,35.0,23.3,0.0
2018-06-29,PHI,0,32.8,22.8,0.0
2018-06-29,ARI,0,40.6,27.8,0.0
2018-06-29,TBR,1,30.0,26.1,0.0
2018-06-30,TOR,1,33.5,21.0,0.0
2018-06-30,BAL,0,36.1,25.6,0.0
2018-06-30,STL,0,35.6,26.1,0.0
2018-06-30,SEA,1,18.3,14.4,5.0
2018-06-30,CIN,1,33.3,20.0,0.0
2018-06-30,LAD,0,26.7,18.9,0.0
2018-06-30,OAK,1,26.7,12.2,0.0
2018-06-30,TEX,1,36.1,25.0,0.0
2018-06-30,SDP,1,20.6,17.2,0.0
2018-06-30,NYY,0,33.9,22.2,0.0
2018-06-30,MIA,1,30.6,23.9,163.0
2018-06-30,CHC,1,35.0,26.1,0.0
2018-06-30,PHI,1,35.0,21.7,0.0
2018-06-30,ARI,0,40.0,26.1,0.0
2018-06-30,TBR,1,29.4,23.9,30.0
2018-07-01,TOR,0,33.5,22.5,0.0
2018-07-01,BAL,1,35.0,26.1,0.0
2018-07-01,STL,0,35.0,24.4,150.0
2018-07-01,SEA,1,19.4,13.3,5.0
2018-07-01,CIN,1,33.3,21.1,25.0
2018-07-01,LAD,1,25.6,18.3,0.0
2018-07-01,OAK,0,19.4,12.8,0.0
2018-07-01,TEX,0,37.2,25.0,0.0
2018-07-01,SDP,0,22.2,17.2,0.0
2018-07-01,NYY,1,35.6,26.1,0.0
2018-07-01,MIA,0,32.2,23.9,15.0
2018-07-01,CHC,1,34.4,24.4,3.0
2018-07-01,PHI,1,35.0,24.4,0.0
2018-07-01,ARI,0,40.0,25.0,0.0
2018-07-01,TBR,1,32.2,25.6,0.0
2018-07-02,TOR,0,33.5,24.0,34.0
2018-07-02,NYY,0,35.0,26.1,0.0
2018-07-02,CIN,1,31.1,21.7,5.0
2018-07-02,LAD,1,25.6,17.8,0.0
2018-07-02,KCR,0,30.0,18.9,74.0
2018-07-02,MIA,1,32.8,25.6,0.0
2018-07-02,MIL,1,27.2,18.3,0.0
2018-07-02,WSN,0,35.0,25.6,0.0
2018-07-02,COL,1,31.7,12.8,0.0
2018-07-02,ARI,0,42.2,26.1,0.0
2018-07-03,TOR,1,28.5,18.0,0.0
2018-07-03,PHI,1,36.7,23.9,3.0
2018-07-03,NYY,1,33.3,25.0,3.0
2018-07-03,SEA,1,23.9,10.0,0.0
2018-07-03,CIN,0,32.2,21.1,66.0
2018-07-03,LAD,1,26.7,17.8,0.0
2018-07-03,KCR,0,31.1,21.7,0.0
2018-07-03,TEX,0,38.3,25.6,0.0
2018-07-03,MIA,0,31.7,25.6,84.0
2018-07-03,MIL,1,29.4,16.7,0.0
2018-07-03,WSN,0,36.1,26.7,0.0
2018-07-03,COL,1,34.4,15.0,0.0
2018-07-03,CHC,1,32.8,20.0,0.0
2018-07-03,ARI,1,43.3,27.8,0.0
2018-07-03,OAK,1,21.7,12.8,0.0
2018-07-04,TOR,0,27.5,19.5,0.0
2018-07-04,PHI,1,34.4,23.3,0.0
2018-07-04,NYY,1,30.0,25.0,0.0
2018-07-04,SEA,0,24.4,13.3,0.0
2018-07-04,CIN,1,35.6,21.1,0.0
2018-07-04,LAD,1,27.8,18.3,0.0
2018-07-04,KCR,0,35.0,23.3,0.0
2018-07-04,TEX,0,38.9,25.0,0.0
2018-07-04,MIA,1,31.7,23.3,15.0
2018-07-04,MIL,1,32.2,21.1,18.0
2018-07-04,WSN,0,33.9,26.7,0.0
2018-07-04,COL,1,35.0,12.8,0.0
2018-07-04,CHC,1,33.3,23.9,38.0
2018-07-04,ARI,0,41.7,30.6,0.0
2018-07-04,OAK,1,21.1,13.3,0.0
2018-07-05,MIN,1,29.4,23.9,89.0
2018-07-05,MIL,1,31.7,22.2,0.0
2018-07-05,SEA,1,30.0,14.4,0.0
2018-07-05,DET,0,35.0,24.4,5.0
2018-07-05,WSN,1,33.3,26.7,0.0
2018-07-05,SFG,0,20.0,11.7,0.0
2018-07-05,HOU,1,32.2,23.3,147.0
2018-07-05,ARI,0,46.1,31.1,0.0
2018-07-06,TOR,1,24.0,17.0,0.0
2018-07-06,MIN,1,28.9,20.0,0.0
2018-07-06,MIL,1,22.2,15.6,0.0
2018-07-06,SEA,0,26.7,16.7,0.0
2018-07-06,LAA,1,46.1,17.8,0.0
2018-07-06,CHC,0,25.6,18.3,0.0
2018-07-06,CLE,1,23.9,20.0,170.0
2018-07-06,DET,1,26.1,16.1,0.0
2018-07-06,PIT,0,26.7,16.7,0.0
2018-07-06,WSN,1,31.7,26.1,0.0
2018-07-06,SFG,1,22.8,15.0,0.0
2018-07-06,HOU,1,33.3,23.9,18.0
2018-07-06,KCR,0,36.1,23.9,0.0
2018-07-06,ARI,1,43.9,34.4,0.0
2018-07-06,NYM,1,28.3,21.1,23.0
2018-07-07,TOR,0,26.0,15.0,0.0
2018-07-07,MIN,1,29.4,22.2,0.0
2018-07-07,MIL,0,26.7,14.4,0.0
2018-07-07,SEA,0,24.4,15.6,0.0
2018-07-07,LAA,0,46.1,17.8,0.0
2018-07-07,CHC,1,27.2,17.2,0.0
2018-07-07,CLE,0,25.0,17.8,0.0
2018-07-07,DET,1,25.6,13.3,0.0
2018-07-07,PIT,0,25.0,12.8,0.0
2018-07-07,WSN,1,27.8,20.0,0.0
2018-07-07,SFG,0,19.4,13.3,0.0
2018-07-07,HOU,1,32.8,24.4,0.0
2018-07-07,KCR,0,32.8,20.0,0.0
2018-07-07,ARI,1,45.0,32.8,0.0
2018-07-07,NYM,0,25.6,17.8,0.0
2018-07-08,TOR,0,30.0,15.0,0.0
2018-07-08,MIN,1,31.1,23.3,0.0
2018-07-08,MIL,1,29.4,16.1,0.0
2018-07-08,SEA,1,25.6,12.8,0.0
2018-07-08,LAA,1,40.6,20.0,0.0
2018-07-08,CHC,1,31.1,18.3,0.0
2018-07-08,CLE,0,25.6,16.7,0.0
2018-07-08,DET,0,29.4,14.4,0.0
2018-07-08,PIT,1,27.8,13.9,0.0
2018-07-08,WSN,0,29.4,17.8,0.0
2018-07-08,SFG,1,19.4,12.2,0.0
2018-07-08,HOU,1,28.3,23.9,137.0
2018-07-08,KCR,0,30.6,16.1,0.0
2018-07-08,ARI,0,43.9,32.2,0.0
2018-07-08,NYM,0,28.9,19.4,0.0
2018-07-09,BAL,1,31.7,20.0,0.0
2018-07-09,BAL,0,31.7,20.0,0.0
2018-07-09,CLE,0,28.3,20.0,0.0
2018-07-09,SDP,0,28.3,23.3,0.0
2018-07-09,BOS,1,32.8,18.3,0.0
2018-07-09,PIT,1,29.4,15.0,0.0
2018-07-09,MIA,1,33.3,26.1,0.0
2018-07-09,MIN,1,33.3,24.4,0.0
2018-07-09,SFG,1,23.3,12.8,0.0
2018-07-09,NYM,1,32.2,20.6,0.0
2018-07-09,NYM,0,32.2,20.6,0.0
2018-07-09,TBR,1,33.9,25.6,0.0
2018-07-09,HOU,0,32.2,23.3,145.0
2018-07-10,ATL,0,33.9,21.7,0.0
2018-07-10,BAL,1,36.1,22.8,0.0
2018-07-10,LAA,1,35.0,18.3,0.0
2018-07-10,CLE,0,26.7,21.7,0.0
2018-07-10,SDP,1,26.7,22.2,0.0
2018-07-10,BOS,1,35.6,20.0,0.0
2018-07-10,PIT,0,30.6,21.1,8.0
2018-07-10,MIA,0,32.2,23.3,114.0
2018-07-10,MIN,0,32.8,21.1,0.0
2018-07-10,COL,0,35.0,13.3,0.0
2018-07-10,SFG,0,25.0,12.8,0.0
2018-07-10,CHW,0,30.6,23.3,0.0
2018-07-10,NYM,0,36.1,23.3,0.0
2018-07-10,TBR,1,33.3,25.0,0.0
2018-07-10,HOU,1,33.3,24.4,0.0
2018-07-11,ATL,1,33.9,22.8,0.0
2018-07-11,BAL,0,33.3,26.1,0.0
2018-07-11,LAA,0,33.9,18.9,0.0
2018-07-11,CLE,1,26.1,21.1,0.0
2018-07-11,SDP,0,26.7,21.7,0.0
2018-07-11,BOS,1,23.9,18.9,48.0
2018-07-11,PIT,1,27.8,16.7,0.0
2018-07-11,MIA,1,32.2,23.9,10.0
2018-07-11,MIN,1,31.1,22.8,0.0
2018-07-11,COL,1,36.7,15.0,0.0
2018-07-11,SFG,1,20.0,12.8,0.0
2018-07-11,CHW,1,30.0,21.7,0.0
2018-07-11,NYM,1,30.6,24.4,0.0
2018-07-11,TBR,1,33.9,26.1,0.0
2018-07-11,HOU,0,34.4,24.4,0.0
2018-07-12,BOS,1,23.3,18.3,0.0
2018-07-12,BAL,0,32.8,22.8,0.0
2018-07-12,LAA,1,33.3,19.4,0.0
2018-07-12,SDP,0,26.1,21.7,0.0
2018-07-12,CLE,0,27.2,18.3,0.0
2018-07-12,PIT,1,27.8,15.6,0.0
2018-07-12,MIN,1,32.8,25.0,3.0
2018-07-12,NYM,0,29.4,19.4,150.0
2018-07-12,COL,1,35.6,17.2,0.0
2018-07-12,HOU,0,34.4,25.6,0.0
2018-07-13,BOS,0,25.6,17.8,0.0
2018-07-13,BAL,0,31.7,22.2,0.0
2018-07-13,ATL,0,32.2,24.4,259.0
2018-07-13,COL,1,30.6,15.0,0.0
2018-07-13,LAD,1,28.3,20.6,0.0
2018-07-13,STL,0,36.7,22.8,0.0
2018-07-13,CLE,1,27.8,18.9,0.0
2018-07-13,PIT,1,30.6,16.7,0.0
2018-07-13,MIA,0,33.9,23.9,25.0
2018-07-13,MIN,1,35.0,23.9,386.0
2018-07-13,NYM,1,30.0,21.7,0.0
2018-07-13,SFG,1,20.0,13.9,0.0
2018-07-13,SDP,0,27.2,21.7,0.0
2018-07-13,CHW,1,33.9,22.2,0.0
2018-07-13,HOU,1,35.0,25.0,0.0
2018-07-14,BOS,1,24.4,17.2,79.0
2018-07-14,BAL,1,35.0,22.2,0.0
2018-07-14,ATL,0,31.7,23.9,762.0
2018-07-14,COL,1,32.2,15.6,0.0
2018-07-14,LAD,0,28.9,20.6,0.0
2018-07-14,STL,0,37.8,22.8,71.0
2018-07-14,CLE,0,29.4,22.2,0.0
2018-07-14,PIT,1,32.2,20.0,0.0
2018-07-14,PIT,1,32.2,20.0,0.0
2018-07-14,MIA,1,32.8,25.0,0.0
2018-07-14,MIN,0,28.9,21.7,15.0
2018-07-14,NYM,1,32.8,22.2,84.0
2018-07-14,SFG,0,17.8,13.3,0.0
2018-07-14,SDP,0,26.7,21.7,0.0
2018-07-14,CHW,0,26.7,22.8,58.0
2018-07-14,HOU,1,33.9,25.6,0.0
2018-07-15,BOS,1,26.1,19.4,3.0
2018-07-15,BAL,1,31.1,23.9,33.0
2018-07-15,ATL,1,32.2,23.3,3.0
2018-07-15,COL,1,35.6,18.9,0.0
2018-07-15,LAD,1,30.6,21.1,0.0
2018-07-15,STL,1,32.8,23.3,0.0
2018-07-15,CLE,1,29.4,24.4,0.0
2018-07-15,PIT,1,31.7,21.7,84.0
2018-07-15,MIA,1,32.8,24.4,0.0
2018-07-15,MIN,1,31.7,22.2,0.0
2018-07-15,NYM,0,30.6,21.7,178.0
2018-07-15,SFG,0,18.3,12.8,0.0
2018-07-15,SDP,0,25.0,20.0,0.0
2018-07-15,CHW,1,32.8,22.8,0.0
2018-07-15,HOU,0,35.0,25.6,0.0
2018-07-19,CHC,1,31.7,18.9,3.0
2018-07-20,TOR,1,32.5,18.0,0.0
2018-07-20,WSN,0,30.0,21.7,0.0
2018-07-20,SEA,1,23.3,13.9,0.0
2018-07-20,LAA,0,31.7,18.9,0.0
2018-07-20,CIN,0,23.9,18.3,325.0
2018-07-20,MIL,0,25.0,20.0,503.0
2018-07-20,TEX,0,41.7,27.8,0.0
2018-07-20,NYY,0,27.8,20.6,0.0
2018-07-20,TBR,0,31.1,25.6,198.0
2018-07-20,KCR,1,35.0,20.6,211.0
2018-07-20,ARI,0,42.8,32.8,0.0
2018-07-20,OAK,0,24.4,13.9,0.0
2018-07-20,CHC,0,26.7,21.1,130.0
2018-07-20,PHI,1,30.6,18.3,0.0
2018-07-20,DET,0,27.8,18.9,33.0
2018-07-21,TOR,1,26.5,22.5,200.0
2018-07-21,SEA,0,25.6,11.1,0.0
2018-07-21,LAA,0,32.8,20.6,0.0
2018-07-21,CIN,0,25.6,18.3,81.0
2018-07-21,MIL,1,25.0,19.4,64.0
2018-07-21,TEX,0,41.7,26.7,0.0
2018-07-21,NYY,1,26.1,18.3,160.0
2018-07-21,TBR,0,32.8,25.6,193.0
2018-07-21,KCR,1,32.8,20.6,0.0
2018-07-21,ARI,0,38.9,26.1,3.0
2018-07-21,OAK,1,22.2,15.6,0.0
2018-07-21,CHC,1,25.6,20.6,13.0
2018-07-21,CHC,0,25.6,20.6,13.0
2018-07-21,DET,1,22.8,20.6,15.0
2018-07-22,TOR,1,24.0,15.0,213.0
2018-07-22,WSN,1,28.3,18.3,343.0
2018-07-22,SEA,1,29.4,13.9,0.0
2018-07-22,LAA,1,33.9,18.3,0.0
2018-07-22,CIN,0,27.2,19.4,124.0
2018-07-22,MIL,0,22.8,19.4,10.0
2018-07-22,TEX,1,42.2,26.7,0.0
2018-07-22,TBR,1,33.3,23.3,38.0
2018-07-22,KCR,1,31.7,20.0,0.0
2018-07-22,ARI,1,42.8,29.4,0.0
2018-07-22,OAK,1,22.2,15.0,0.0
2018-07-22,CHC,1,25.0,20.6,71.0
2018-07-22,PHI,0,30.6,20.6,61.0
2018-07-22,PHI,1,30.6,20.6,61.0
2018-07-22,DET,0,22.8,17.2,28.0
2018-07-23,TOR,0,26.0,19.0,0.0
2018-07-23,BAL,0,30.0,24.4,206.0
2018-07-23,MIA,0,34.4,23.9,76.0
2018-07-23,LAA,0,36.1,17.8,0.0
2018-07-23,CIN,1,24.4,18.9,3.0
2018-07-23,PHI,0,30.0,25.0,0.0
2018-07-23,CLE,0,26.7,19.4,135.0
2018-07-23,TEX,0,42.2,27.2,0.0
2018-07-23,TBR,1,31.7,22.2,94.0
2018-07-23,MIL,1,23.9,18.3,0.0
2018-07-23,CHC,0,27.8,20.0,0.0
2018-07-23,KCR,0,30.6,18.9,0.0
2018-07-23,NYM,0,30.0,23.9,28.0
2018-07-24,TOR,0,32.0,21.0,12.0
2018-07-24,BAL,1,28.3,23.9,450.0
2018-07-24,MIA,1,31.1,23.9,351.0
2018-07-24,SEA,0,30.0,16.7,0.0
2018-07-24,LAA,0,36.7,23.9,0.0
2018-07-24,CIN,0,27.8,16.7,0.0
2018-07-24,PHI,1,30.6,24.4,20.0
2018-07-24,CLE,0,27.2,21.1,3.0
2018-07-24,TEX,0,38.9,26.7,0.0
2018-07-24,TBR,0,32.2,25.6,69.0
2018-07-24,MIL,1,28.9,18.3,0.0
2018-07-24,COL,0,26.1,15.6,23.0
2018-07-24,CHC,0,28.9,19.4,0.0
2018-07-24,KCR,1,30.0,20.0,0.0
2018-07-24,NYM,1,30.6,25.0,0.0
2018-07-25,TOR,0,29.0,21.0,0.0
2018-07-25,SEA,1,31.1,15.0,0.0
2018-07-25,LAA,1,36.7,19.4,0.0
2018-07-25,CIN,1,31.1,17.2,0.0
2018-07-25,PHI,1,28.3,22.2,290.0
2018-07-25,CLE,1,26.7,22.2,0.0
2018-07-25,TEX,0,36.1,25.0,0.0
2018-07-25,TBR,1,32.8,25.0,46.0
2018-07-25,MIL,0,30.6,19.4,0.0
2018-07-25,COL,1,31.1,14.4,0.0
2018-07-25,CHC,1,31.7,20.0,0.0
2018-07-25,KCR,0,32.2,17.8,0.0
2018-07-25,NYM,1,27.2,23.3,193.0
2018-07-26,BAL,0,33.9,22.8,0.0
2018-07-26,ATL,0,32.8,21.1,0.0
2018-07-26,LAA,1,35.0,23.3,0.0
2018-07-26,CIN,0,30.0,17.2,10.0
2018-07-26,TEX,0,37.8,25.0,0.0
2018-07-26,PIT,0,29.4,17.2,0.0
2018-07-26,NYY,1,29.4,22.2,8.0
2018-07-26,MIA,0,33.3,24.4,8.0
2018-07-26,BOS,0,30.0,22.8,152.0
2018-07-26,SFG,0,16.1,12.2,0.0
2018-07-26,CHC,1,27.8,19.4,0.0
2018-07-27,CHW,0,26.1,17.2,0.0
2018-07-27,BAL,1,32.8,22.2,384.0
2018-07-27,ATL,0,32.8,21.7,0.0
2018-07-27,LAA,1,35.0,19.4,0.0
2018-07-27,CIN,1,28.3,17.8,0.0
2018-07-27,DET,0,26.1,16.1,3.0
2018-07-27,HOU,0,36.1,24.4,0.0
2018-07-27,PIT,1,26.7,17.8,165.0
2018-07-27,MIA,0,32.2,24.4,0.0
2018-07-27,BOS,1,32.2,21.7,0.0
2018-07-27,COL,1,27.8,15.0,0.0
2018-07-27,SFG,0,15.0,11.7,0.0
2018-07-27,STL,1,30.0,18.3,0.0
2018-07-27,SDP,0,29.4,21.1,0.0
2018-07-28,CHW,1,27.8,16.1,0.0
2018-07-28,BAL,1,31.7,22.2,0.0
2018-07-28,ATL,0,32.2,22.2,0.0
2018-07-28,LAA,1,33.9,19.4,0.0
2018-07-28,CIN,1,27.2,15.0,0.0
2018-07-28,DET,1,27.2,15.6,0.0
2018-07-28,HOU,0,36.1,25.0,0.0
2018-07-28,PIT,1,25.6,16.7,0.0
2018-07-28,NYY,0,29.4,21.1,0.0
2018-07-28,NYY,1,29.4,21.1,0.0
2018-07-28,MIA,1,33.9,23.3,546.0
2018-07-28,BOS,1,30.6,22.2,0.0
2018-07-28,COL,1,29.4,14.4,0.0
2018-07-28,SFG,0,18.3,11.1,0.0
2018-07-28,STL,1,27.8,18.3,0.0
2018-07-28,SDP,0,25.0,21.1,0.0
2018-07-29,CHW,0,26.7,17.8,0.0
2018-07-29,BAL,1,30.6,22.8,0.0
2018-07-29,ATL,1,31.7,20.0,0.0
2018-07-29,LAA,0,37.8,18.3,0.0
2018-07-29,CIN,1,27.8,15.0,0.0
2018-07-29,DET,0,27.8,18.3,0.0
2018-07-29,HOU,0,36.7,25.6,0.0
2018-07-29,PIT,0,26.7,14.4,0.0
2018-07-29,NYY,1,27.8,21.1,0.0
2018-07-29,MIA,1,30.6,23.9,91.0
2018-07-29,BOS,1,28.9,23.3,0.0
2018-07-29,COL,1,25.6,12.8,0.0
2018-07-29,SFG,1,16.1,11.1,0.0
2018-07-29,STL,0,23.3,19.4,51.0
2018-07-29,SDP,0,31.1,22.2,0.0
2018-07-30,OAK,1,19.4,12.8,0.0
2018-07-30,ATL,1,31.1,22.2,0.0
2018-07-30,SEA,1,31.7,17.8,0.0
2018-07-30,LAD,0,30.6,21.1,0.0
2018-07-30,MIN,1,28.9,16.1,0.0
2018-07-30,ARI,0,42.8,27.8,3.0
2018-07-30,STL,1,26.1,18.9,3.0
2018-07-30,SDP,0,28.9,23.3,0.0
2018-07-30,BOS,1,27.8,21.1,0.0
2018-07-31,OAK,1,18.9,12.2,0.0
2018-07-31,NYY,1,27.8,20.0,0.0
2018-07-31,ATL,1,30.6,21.1,274.0
2018-07-31,SEA,0,27.2,16.1,0.0
2018-07-31,TBR,1,31.7,24.4,13.0
2018-07-31,DET,1,26.1,17.8,198.0
2018-07-31,LAD,0,31.1,21.1,0.0
2018-07-31,MIN,0,29.4,16.7,0.0
2018-07-31,ARI,1,41.7,28.3,0.0
2018-07-31,PIT,1,27.2,17.2,76.0
2018-07-31,WSN,1,28.9,21.7,8.0
2018-07-31,STL,0,25.0,17.8,152.0
2018-07-31,SDP,0,28.9,22.8,0.0
2018-07-31,CHW,0,26.7,20.0,3.0
2018-07-31,BOS,0,27.8,20.6,0.0
2018-08-01,OAK,1,18.3,12.8,0.0
2018-08-01,NYY,0,28.9,23.3,25.0
2018-08-01,SEA,0,24.4,15.6,0.0
2018-08-01,TBR,1,31.1,24.4,51.0
2018-08-01,DET,1,26.7,18.9,155.0
2018-08-01,LAD,1,32.2,21.7,0.0
2018-08-01,MIN,0,30.6,20.0,20.0
2018-08-01,PIT,0,25.6,19.4,74.0
2018-08-01,WSN,1,31.7,23.3,64.0
2018-08-01,STL,1,30.6,16.1,0.0
2018-08-01,CHW,0,30.0,17.2,10.0
2018-08-02,SEA,0,20.6,14.4,3.0
2018-08-02,TEX,1,36.1,21.1,0.0
2018-08-02,NYM,0,33.3,25.6,53.0
2018-08-02,TBR,1,33.3,21.7,566.0
2018-08-02,WSN,1,30.0,23.9,262.0
2018-08-02,LAD,1,32.2,21.7,0.0
2018-08-02,BOS,1,35.0,24.4,0.0
2018-08-02,PHI,1,31.7,23.3,20.0
2018-08-02,STL,1,34.4,20.6,48.0
2018-08-02,ARI,0,43.9,31.1,13.0
2018-08-02,CHC,0,31.1,20.6,0.0
2018-08-02,CHW,1,31.1,20.6,0.0
2018-08-03,SEA,0,23.9,14.4,23.0
2018-08-03,TEX,1,35.0,15.0,0.0
2018-08-03,NYM,0,30.6,24.4,48.0
2018-08-03,CLE,0,28.3,21.1,0.0
2018-08-03,LAD,0,33.3,21.1,0.0
2018-08-03,PIT,1,25.6,20.0,10.0
2018-08-03,BOS,1,32.8,25.0,15.0
2018-08-03,PHI,1,30.0,22.2,130.0
2018-08-03,MIN,1,23.3,15.0,0.0
2018-08-03,MIL,1,24.4,18.3,0.0
2018-08-03,ARI,1,43.3,30.6,0.0
2018-08-03,CHC,1,31.1,18.3,0.0
2018-08-03,TBR,0,33.3,22.8,79.0
2018-08-03,OAK,1,22.8,11.1,0.0
2018-08-04,SEA,0,26.7,13.3,0.0
2018-08-04,TEX,1,35.6,23.9,0.0
2018-08-04,NYM,1,31.7,23.3,340.0
2018-08-04,CLE,1,28.3,21.1,0.0
2018-08-04,WSN,0,32.2,22.8,28.0
2018-08-04,WSN,1,32.2,22.8,28.0
2018-08-04,LAD,0,32.2,20.0,0.0
2018-08-04,PIT,0,30.0,18.3,0.0
2018-08-04,BOS,1,29.4,22.8,163.0
2018-08-04,PHI,1,30.6,22.2,25.0
2018-08-04,MIN,1,28.9,18.9,198.0
2018-08-04,MIL,1,34.4,19.4,0.0
2018-08-04,ARI,1,44.4,32.8,0.0
2018-08-04,CHC,1,35.6,22.8,0.0
2018-08-04,TBR,0,35.0,26.1,0.0
2018-08-04,OAK,1,22.2,12.2,0.0
2018-08-05,SEA,1,28.9,15.0,0.0
2018-08-05,TEX,0,35.6,23.9,0.0
2018-08-05,NYM,0,34.4,25.0,0.0
2018-08-05,CLE,1,31.1,23.3,0.0
2018-08-05,WSN,1,32.8,23.3,0.0
2018-08-05,LAD,1,31.7,20.0,0.0
2018-08-05,PIT,0,30.6,20.0,244.0
2018-08-05,BOS,1,30.6,21.1,0.0
2018-08-05,PHI,1,33.3,22.8,0.0
2018-08-05,MIN,1,26.1,22.8,10.0
2018-08-05,MIL,0,32.8,24.4,3.0
2018-08-05,ARI,0,45.0,32.8,0.0
2018-08-05,CHC,0,35.0,24.4,18.0
2018-08-05,TBR,0,35.0,25.6,8.0
2018-08-05,OAK,1,21.1,11.1,0.0
2018-08-06,TEX,0,36.1,25.0,0.0
2018-08-06,LAA,1,37.8,17.8,0.0
2018-08-06,NYM,1,35.0,27.2,0.0
2018-08-06,CLE,1,31.7,21.1,295.0
2018-08-06,COL,1,30.6,14.4,0.0
2018-08-06,CHW,0,29.4,22.2,15.0
2018-08-06,MIA,1,32.8,24.4,30.0
2018-08-06,SFG,0,20.6,10.6,0.0
2018-08-06,KCR,0,35.6,22.8,0.0
2018-08-06,ARI,1,45.6,32.8,0.0
2018-08-07,TOR,0,29.0,20.5,48.0
2018-08-07,TBR,1,33.3,25.0,183.0
2018-08-07,WSN,1,32.8,23.9,30.0
2018-08-07,WSN,0,32.8,23.9,30.0
2018-08-07,TEX,1,36.7,25.6,0.0
2018-08-07,LAA,1,37.8,18.3,0.0
2018-08-07,NYM,0,33.3,24.4,0.0
2018-08-07,OAK,0,18.3,11.7,0.0
2018-08-07,CLE,0,26.1,21.1,48.0
2018-08-07,COL,0,28.9,12.8,0.0
2018-08-07,CHW,0,29.4,21.1,157.0
2018-08-07,MIA,0,32.2,26.1,13.0
2018-08-07,SFG,0,15.0,10.6,0.0
2018-08-07,KCR,0,34.4,20.6,84.0
2018-08-07,MIL,0,23.9,19.4,10.0
2018-08-07,ARI,0,43.3,28.3,20.0
2018-08-08,TOR,0,27.0,21.0,84.0
2018-08-08,TBR,0,33.9,25.6,0.0
2018-08-08,WSN,0,34.4,23.9,0.0
2018-08-08,TEX,1,36.7,25.6,0.0
2018-08-08,LAA,1,37.8,19.4,0.0
2018-08-08,NYM,1,33.9,25.0,0.0
2018-08-08,OAK,1,21.7,12.8,0.0
2018-08-08,CLE,1,26.1,22.8,0.0
2018-08-08,COL,0,31.7,13.9,0.0
2018-08-08,CHW,0,27.8,20.6,3.0
2018-08-08,MIA,0,32.2,26.1,0.0
2018-08-08,KCR,1,30.6,20.6,66.0
2018-08-08,MIL,1,28.3,17.8,0.0
2018-08-08,ARI,1,39.4,23.9,20.0
2018-08-09,TOR,1,30.5,17.0,0.0
2018-08-09,TBR,1,33.3,25.6,0.0
2018-08-09,WSN,1,33.3,23.9,0.0
2018-08-09,HOU,0,35.0,25.0,0.0
2018-08-09,COL,0,28.9,13.3,0.0
2018-08-09,CLE,1,26.7,20.6,23.0
2018-08-09,NYY,1,30.0,22.8,155.0
2018-08-09,SFG,0,22.2,11.7,0.0
2018-08-09,MIL,0,30.6,20.0,102.0
2018-08-10,TOR,0,25.0,20.5,0.0
2018-08-10,BAL,0,33.9,24.4,0.0
2018-08-10,ATL,1,31.7,21.7,0.0
2018-08-10,HOU,0,35.0,25.6,28.0
2018-08-10,LAA,1,35.6,21.1,0.0
2018-08-10,CIN,1,30.6,18.9,150.0
2018-08-10,COL,1,31.7,12.8,0.0
2018-08-10,CHW,1,29.4,21.7,0.0
2018-08-10,NYY,0,30.0,22.2,0.0
2018-08-10,SFG,1,18.9,11.7,0.0
2018-08-10,MIA,0,34.4,22.8,345.0
2018-08-10,DET,1,27.8,19.4,0.0
2018-08-10,CHC,1,29.4,21.7,0.0
2018-08-10,KCR,0,33.3,21.1,0.0
2018-08-10,SDP,1,31.1,25.6,0.0
2018-08-11,TOR,0,26.5,15.5,0.0
2018-08-11,BAL,0,34.4,23.9,0.0
2018-08-11,BAL,0,34.4,23.9,0.0
2018-08-11,ATL,0,31.1,22.8,0.0
2018-08-11,HOU,0,31.7,25.0,185.0
2018-08-11,LAA,0,35.0,21.7,0.0
2018-08-11,CIN,1,30.0,18.9,41.0
2018-08-11,COL,1,32.2,12.2,0.0
2018-08-11,CHW,0,31.7,20.6,0.0
2018-08-11,NYY,1,26.7,21.1,737.0
2018-08-11,SFG,0,20.6,13.9,0.0
2018-08-11,MIA,1,32.8,23.3,551.0
2018-08-11,DET,0,28.3,16.7,0.0
2018-08-11,CHC,0,31.7,20.6,0.0
2018-08-11,KCR,0,32.8,20.6,8.0
2018-08-11,SDP,0,31.1,25.0,0.0
2018-08-12,TOR,1,27.0,17.0,0.0
2018-08-12,BAL,0,31.7,22.8,216.0
2018-08-12,ATL,1,32.8,22.2,0.0
2018-08-12,HOU,0,33.3,25.0,0.0
2018-08-12,LAA,0,33.9,20.0,0.0
2018-08-12,CIN,0,29.4,17.2,3.0
2018-08-12,COL,1,33.9,10.0,0.0
2018-08-12,CHW,0,31.1,21.1,0.0
2018-08-12,NYY,1,28.9,22.2,0.0
2018-08-12,SFG,1,19.4,13.9,0.0
2018-08-12,MIA,0,31.1,23.3,66.0
2018-08-12,DET,1,27.8,19.4,0.0
2018-08-12,CHC,1,31.1,21.1,0.0
2018-08-12,KCR,0,32.2,19.4,0.0
2018-08-12,SDP,1,29.4,23.9,0.0
2018-08-13,KCR,1,32.8,20.0,0.0
2018-08-13,ATL,1,31.7,22.2,0.0
2018-08-13,ATL,1,31.7,22.2,0.0
2018-08-13,OAK,1,18.9,13.9,0.0
2018-08-13,SDP,0,28.3,22.8,0.0
2018-08-13,CIN,0,29.4,16.7,0.0
2018-08-13,LAD,0,30.0,20.0,0.0
2018-08-13,TEX,1,29.4,22.8,66.0
2018-08-13,NYY,0,23.9,21.7,168.0
2018-08-13,STL,1,32.2,21.1,0.0
2018-08-13,DET,1,28.9,18.9,0.0
2018-08-14,KCR,0,31.7,21.7,46.0
2018-08-14,BAL,1,30.0,20.6,0.0
2018-08-14,ATL,1,32.2,20.0,0.0
2018-08-14,OAK,1,19.4,14.4,0.0
2018-08-14,SDP,0,27.8,22.8,0.0
2018-08-14,CIN,0,30.0,16.7,0.0
2018-08-14,LAD,0,28.9,20.0,0.0
2018-08-14,TEX,0,28.9,22.8,30.0
2018-08-14,MIN,1,32.8,23.9,0.0
2018-08-14,NYY,1,27.8,21.7,201.0
2018-08-14,STL,1,29.4,21.1,13.0
2018-08-14,HOU,0,33.9,25.0,0.0
2018-08-14,CHC,0,32.2,20.6,0.0
2018-08-14,DET,0,31.1,19.4,0.0
2018-08-14,PHI,0,28.3,20.0,185.0
2018-08-15,KCR,0,29.4,21.7,104.0
2018-08-15,BAL,0,33.3,22.2,0.0
2018-08-15,ATL,1,33.9,21.7,0.0
2018-08-15,OAK,0,21.7,16.1,0.0
2018-08-15,SDP,0,26.1,22.8,0.0
2018-08-15,CIN,0,27.8,19.4,104.0
2018-08-15,LAD,1,30.0,20.6,0.0
2018-08-15,MIN,1,32.8,20.0,0.0
2018-08-15,NYY,0,30.0,21.1,0.0
2018-08-15,STL,1,29.4,21.7,114.0
2018-08-15,HOU,1,33.9,25.6,0.0
2018-08-15,CHC,1,30.6,22.8,33.0
2018-08-15,DET,0,30.6,21.7,0.0
2018-08-15,PHI,1,31.7,22.2,0.0
2018-08-16,KCR,1,30.0,21.7,8.0
2018-08-16,ATL,0,32.8,22.8,0.0
2018-08-16,TEX,1,35.0,23.3,0.0
2018-08-16,PIT,0,27.2,20.0,124.0
2018-08-16,NYY,0,31.1,24.4,0.0
2018-08-16,MIN,1,29.4,18.9,0.0
2018-08-16,STL,0,33.3,22.8,0.0
2018-08-16,PHI,0,31.7,22.8,0.0
2018-08-16,PHI,1,31.7,22.8,0.0
2018-08-16,SDP,0,27.2,22.8,5.0
2018-08-17,NYY,1,30.6,22.2,264.0
2018-08-17,CLE,1,27.2,21.7,0.0
2018-08-17,ATL,0,30.6,22.8,15.0
2018-08-17,SEA,0,23.9,13.3,0.0
2018-08-17,TEX,1,35.6,25.6,0.0
2018-08-17,CIN,1,27.8,21.1,99.0
2018-08-17,PIT,0,26.1,19.4,84.0
2018-08-17,WSN,1,34.4,25.6,0.0
2018-08-17,MIN,1,30.0,20.0,0.0
2018-08-17,STL,1,30.6,22.8,0.0
2018-08-17,CHW,1,29.4,20.6,43.0
2018-08-17,PHI,1,33.9,23.3,0.0
2018-08-17,SDP,0,27.8,22.8,0.0
2018-08-17,BOS,1,26.7,21.1,51.0
2018-08-17,OAK,1,23.3,12.8,0.0
2018-08-18,NYY,1,29.4,21.7,18.0
2018-08-18,CLE,0,26.1,20.6,5.0
2018-08-18,ATL,0,31.1,22.8,353.0
2018-08-18,SEA,1,27.2,12.8,0.0
2018-08-18,TEX,0,36.1,26.1,0.0
2018-08-18,CIN,1,30.0,20.0,0.0
2018-08-18,PIT,1,28.3,20.0,0.0
2018-08-18,WSN,0,32.2,24.4,0.0
2018-08-18,MIN,0,28.9,19.4,0.0
2018-08-18,STL,1,30.6,21.1,0.0
2018-08-18,CHW,0,27.8,22.2,0.0
2018-08-18,PHI,0,31.1,22.8,86.0
2018-08-18,SDP,1,28.3,22.8,0.0
2018-08-18,BOS,1,31.1,19.4,33.0
2018-08-18,OAK,1,23.3,10.6,0.0
2018-08-19,NYY,1,22.2,19.4,5.0
2018-08-19,CLE,1,25.6,18.3,0.0
2018-08-19,ATL,0,28.9,22.8,0.0
2018-08-19,SEA,0,25.0,14.4,0.0
2018-08-19,TEX,1,37.8,23.9,312.0
2018-08-19,CIN,1,30.6,18.9,0.0
2018-08-19,PIT,1,25.0,15.6,0.0
2018-08-19,WSN,0,30.6,22.2,0.0
2018-08-19,MIN,1,30.0,17.8,0.0
2018-08-19,STL,0,30.0,20.6,3.0
2018-08-19,CHW,1,29.4,20.0,0.0
2018-08-19,PHI,0,23.3,18.9,86.0
2018-08-19,SDP,0,27.8,22.8,0.0
2018-08-19,BOS,0,22.8,19.4,3.0
2018-08-19,OAK,0,19.4,12.2,0.0
2018-08-20,TOR,1,25.5,18.0,38.0
2018-08-20,PIT,0,27.8,16.7,0.0
2018-08-20,SEA,1,26.7,13.9,0.0
2018-08-20,MIL,1,26.1,20.6,541.0
2018-08-20,LAD,0,30.0,21.1,0.0
2018-08-20,BOS,0,23.3,19.4,0.0
2018-08-20,OAK,1,19.4,13.9,0.0
2018-08-20,MIN,0,30.0,22.2,20.0
2018-08-20,NYM,0,25.0,20.0,0.0
2018-08-20,TBR,1,33.9,25.6,69.0
2018-08-21,TOR,1,28.0,20.0,76.0
2018-08-21,PIT,0,26.1,20.6,107.0
2018-08-21,SEA,0,31.7,17.2,0.0
2018-08-21,ARI,1,40.0,28.3,0.0
2018-08-21,MIL,0,25.0,17.2,8.0
2018-08-21,LAD,0,30.0,21.1,0.0
2018-08-21,BOS,0,22.2,18.3,0.0
2018-08-21,OAK,1,20.0,13.9,0.0
2018-08-21,MIA,0,32.2,25.6,0.0
2018-08-21,CHW,0,26.7,20.0,8.0
2018-08-21,WSN,1,27.8,22.8,625.0
2018-08-21,COL,0,26.7,8.9,0.0
2018-08-21,NYM,1,27.2,20.0,18.0
2018-08-21,DET,1,28.9,18.9,41.0
2018-08-21,TBR,1,33.3,26.1,0.0
2018-08-22,TOR,1,23.5,18.0,0.0
2018-08-22,PIT,0,23.9,14.4,91.0
2018-08-22,SEA,0,30.6,14.4,0.0
2018-08-22,ARI,1,38.9,27.8,8.0
2018-08-22,MIL,1,26.1,15.0,0.0
2018-08-22,LAD,0,28.9,21.1,0.0
2018-08-22,BOS,1,28.9,18.9,127.0
2018-08-22,OAK,0,21.7,15.6,0.0
2018-08-22,MIA,1,32.2,26.7,145.0
2018-08-22,CHW,1,27.2,15.6,0.0
2018-08-22,WSN,1,30.0,22.2,5.0
2018-08-22,COL,1,20.0,13.3,13.0
2018-08-22,NYM,1,30.6,22.8,71.0
2018-08-22,DET,0,23.9,16.7,0.0
2018-08-22,TBR,1,32.8,27.8,25.0
2018-08-23,MIA,0,32.2,26.1,0.0
2018-08-23,CHC,1,27.2,15.6,0.0
2018-08-23,BOS,1,26.7,18.9,0.0
2018-08-23,MIN,1,28.3,12.2,0.0
2018-08-23,WSN,0,27.2,18.9,0.0
2018-08-23,COL,1,26.1,12.8,0.0
2018-08-23,NYM,0,26.7,20.0,0.0
2018-08-23,DET,1,27.8,13.9,0.0
2018-08-23,TBR,1,33.3,25.6,0.0
2018-08-24,TOR,1,28.0,16.0,0.0
2018-08-24,BAL,0,29.4,18.3,0.0
2018-08-24,MIA,1,32.2,23.9,206.0
2018-08-24,ARI,0,38.3,25.6,107.0
2018-08-24,LAA,0,30.6,18.9,0.0
2018-08-24,CHC,1,23.9,17.8,13.0
2018-08-24,LAD,1,28.9,19.4,0.0
2018-08-24,KCR,1,21.7,17.8,191.0
2018-08-24,SFG,0,18.9,13.3,0.0
2018-08-24,MIL,1,21.1,17.8,5.0
2018-08-24,MIN,0,27.8,19.4,25.0
2018-08-24,NYM,1,29.4,21.1,0.0
2018-08-24,COL,0,32.2,12.2,0.0
2018-08-24,DET,0,26.7,15.0,0.0
2018-08-24,TBR,1,32.8,23.9,122.0
2018-08-25,TOR,1,28.0,18.5,22.0
2018-08-25,BAL,0,27.8,21.1,0.0
2018-08-25,BAL,0,27.8,21.1,0.0
2018-08-25,MIA,1,31.1,22.8,66.0
2018-08-25,ARI,0,37.8,26.1,0.0
2018-08-25,LAA,0,30.0,18.3,0.0
2018-08-25,CHC,1,31.1,18.9,15.0
2018-08-25,LAD,1,27.2,19.4,0.0
2018-08-25,KCR,1,31.1,20.6,0.0
2018-08-25,SFG,1,18.3,12.8,0.0
2018-08-25,MIL,0,29.4,18.9,0.0
2018-08-25,MIN,0,21.7,18.3,318.0
2018-08-25,NYM,1,27.2,21.7,0.0
2018-08-25,COL,1,32.2,13.3,0.0
2018-08-25,DET,0,25.6,20.6,86.0
2018-08-25,TBR,1,33.3,23.9,622.0
2018-08-26,TOR,0,30.0,20.5,2.0
2018-08-26,BAL,0,32.8,20.0,0.0
2018-08-26,MIA,0,32.2,23.9,56.0
2018-08-26,ARI,1,39.4,27.2,0.0
2018-08-26,LAA,0,30.6,16.7,0.0
2018-08-26,CHC,1,35.0,23.3,0.0
2018-08-26,LAD,1,27.8,18.9,0.0
2018-08-26,KCR,0,34.4,23.9,0.0
2018-08-26,SFG,1,18.9,12.8,0.0
2018-08-26,MIL,1,28.9,19.4,152.0
2018-08-26,MIN,0,27.2,20.0,0.0
2018-08-26,NYM,0,29.4,21.7,0.0
2018-08-26,COL,0,32.2,12.2,0.0
2018-08-26,DET,0,30.0,18.9,0.0
2018-08-26,TBR,1,34.4,24.4,86.0
2018-08-27,BAL,1,33.9,24.4,0.0
2018-08-27,LAA,1,30.6,16.7,0.0
2018-08-27,NYY,0,31.1,23.3,0.0
2018-08-27,PHI,0,32.2,22.8,0.0
2018-08-27,SFG,1,20.0,13.3,0.0
2018-08-27,CHC,1,35.6,25.6,0.0
2018-08-27,HOU,1,35.0,25.6,36.0
2018-08-28,BAL,1,36.1,26.7,0.0
2018-08-28,ATL,1,32.2,23.3,0.0
2018-08-28,SDP,1,26.7,21.1,0.0
2018-08-28,LAA,0,30.6,18.3,0.0
2018-08-28,CIN,1,32.8,20.0,0.0
2018-08-28,TEX,0,34.4,25.6,0.0
2018-08-28,CLE,1,33.3,25.6,0.0
2018-08-28,STL,1,35.6,25.0,0.0
2018-08-28,NYY,1,34.4,26.1,0.0
2018-08-28,BOS,1,36.1,23.9,0.0
2018-08-28,PHI,0,34.4,23.9,0.0
2018-08-28,SFG,1,20.0,13.9,0.0
2018-08-28,CHC,1,33.9,20.6,213.0
2018-08-28,KCR,1,33.9,23.9,0.0
2018-08-28,HOU,0,33.9,26.1,18.0
2018-08-29,BAL,1,36.7,26.7,0.0
2018-08-29,ATL,0,32.2,22.2,0.0
2018-08-29,SDP,1,27.8,21.1,0.0
2018-08-29,CIN,0,31.7,21.7,168.0
2018-08-29,TEX,0,35.0,25.6,0.0
2018-08-29,CLE,0,34.4,21.7,168.0
2018-08-29,STL,0,27.8,21.1,155.0
2018-08-29,NYY,0,33.3,27.2,0.0
2018-08-29,BOS,1,36.7,27.2,0.0
2018-08-29,PHI,1,35.0,24.4,0.0
2018-08-29,SFG,0,21.7,14.4,0.0
2018-08-29,CHC,0,25.0,18.9,107.0
2018-08-29,KCR,1,34.4,17.8,10.0
2018-08-29,HOU,1,30.6,23.9,25.0
2018-08-30,ATL,0,31.1,21.1,0.0
2018-08-30,OAK,0,21.7,15.6,0.0
2018-08-30,HOU,0,33.3,23.3,0.0
2018-08-30,CIN,0,28.3,19.4,0.0
2018-08-30,LAD,0,30.6,18.3,0.0
2018-08-30,CLE,1,23.3,19.4,0.0
2018-08-30,STL,1,26.7,20.0,0.0
2018-08-30,NYY,0,32.2,25.6,0.0
2018-08-30,SDP,1,27.8,21.1,0.0
2018-08-30,CHW,0,23.3,17.8,0.0
2018-08-31,MIA,0,31.7,26.1,0.0
2018-08-31,KCR,1,23.9,18.9,249.0
2018-08-31,ATL,0,31.7,22.2,0.0
2018-08-31,OAK,1,21.7,14.4,0.0
2018-08-31,HOU,0,34.4,24.4,0.0
2018-08-31,STL,1,31.1,21.1,5.0
2018-08-31,LAD,1,29.4,18.3,0.0
2018-08-31,CLE,1,25.0,17.2,0.0
2018-08-31,TEX,0,33.9,23.9,0.0
2018-08-31,NYY,1,25.6,20.6,8.0
2018-08-31,WSN,0,32.2,23.9,76.0
2018-08-31,SDP,1,26.7,21.1,0.0
2018-08-31,SFG,1,18.9,13.3,0.0
2018-08-31,PHI,1,26.1,20.6,28.0
2018-08-31,CHW,1,30.0,16.7,272.0
2018-09-01,MIA,1,31.7,24.4,142.0
2018-09-01,KCR,1,31.1,19.4,15.0
2018-09-01,ATL,1,32.2,22.8,0.0
2018-09-01,OAK,0,20.0,12.2,0.0
2018-09-01,HOU,1,33.9,25.0,43.0
2018-09-01,STL,0,32.8,23.3,0.0
2018-09-01,LAD,1,27.8,19.4,0.0
2018-09-01,CLE,0,31.1,20.6,0.0
2018-09-01,TEX,1,35.0,24.4,0.0
2018-09-01,NYY,1,25.6,20.6,0.0
2018-09-01,WSN,1,31.7,23.3,206.0
2018-09-01,SDP,0,23.9,19.4,0.0
2018-09-01,SFG,0,17.8,12.8,0.0
2018-09-01,PHI,0,26.1,20.6,20.0
2018-09-01,CHW,0,30.6,22.2,10.0
2018-09-02,MIA,0,30.6,23.9,64.0
2018-09-02,KCR,1,33.3,22.2,0.0
2018-09-02,ATL,1,32.8,22.8,0.0
2018-09-02,OAK,1,21.1,12.2,0.0
2018-09-02,HOU,1,27.8,24.4,58.0
2018-09-02,STL,0,32.8,22.8,0.0
2018-09-02,LAD,1,26.1,20.6,0.0
2018-09-02,CLE,0,31.7,23.9,0.0
2018-09-02,TEX,1,33.9,25.0,0.0
2018-09-02,NYY,0,27.2,20.0,0.0
2018-09-02,WSN,0,31.7,23.3,0.0
2018-09-02,SDP,0,24.4,20.6,0.0
2018-09-02,SFG,0,18.3,12.8,0.0
2018-09-02,PHI,0,30.6,21.1,0.0
2018-09-02,CHW,1,33.3,23.3,0.0
2018-09-03,TOR,0,33.5,20.5,266.0
2018-09-03,SEA,1,23.9,14.4,0.0
2018-09-03,ATL,0,32.2,22.8,0.0
2018-09-03,TEX,0,33.9,22.8,109.0
2018-09-03,PIT,1,32.8,20.6,0.0
2018-09-03,LAD,0,26.1,20.6,0.0
2018-09-03,CLE,0,30.6,23.9,0.0
2018-09-03,OAK,1,20.6,14.4,0.0
2018-09-03,MIA,1,27.2,23.3,643.0
2018-09-03,HOU,1,29.4,23.3,414.0
2018-09-03,WSN,1,33.9,25.6,0.0
2018-09-03,COL,1,26.7,12.2,0.0
2018-09-03,MIL,1,25.6,18.9,147.0
2018-09-03,CHW,1,31.1,22.8,114.0
2018-09-03,ARI,0,37.2,23.3,48.0
2018-09-04,TOR,0,26.5,21.0,0.0
2018-09-04,SEA,0,23.9,10.0,0.0
2018-09-04,ATL,0,31.7,22.8,0.0
2018-09-04,TEX,1,26.7,22.8,201.0
2018-09-04,PIT,1,33.3,20.6,0.0
2018-09-04,LAD,1,24.4,20.0,0.0
2018-09-04,CLE,1,30.6,22.8,0.0
2018-09-04,OAK,0,21.1,14.4,0.0
2018-09-04,MIA,0,31.7,25.0,15.0
2018-09-04,HOU,1,31.7,23.9,25.0
2018-09-04,WSN,0,35.0,26.1,0.0
2018-09-04,COL,1,27.8,10.0,15.0
2018-09-04,MIL,1,32.2,21.7,0.0
2018-09-04,CHW,0,33.9,22.2,0.0
2018-09-04,ARI,1,38.3,26.7,0.0
2018-09-05,TOR,1,33.5,22.0,14.0
2018-09-05,SEA,1,26.1,11.7,0.0
2018-09-05,ATL,0,31.1,23.3,0.0
2018-09-05,TEX,0,30.6,23.3,0.0
2018-09-05,PIT,1,32.8,21.7,0.0
2018-09-05,LAD,0,25.0,19.4,0.0
2018-09-05,CLE,1,35.0,25.0,5.0
2018-09-05,OAK,1,19.4,14.4,0.0
2018-09-05,MIA,1,31.7,26.1,3.0
2018-09-05,HOU,1,32.2,26.1,0.0
2018-09-05,WSN,0,33.9,25.6,0.0
2018-09-05,COL,1,27.8,10.6,84.0
2018-09-05,MIL,0,30.0,18.3,325.0
2018-09-05,CHW,0,33.3,21.7,99.0
2018-09-06,TOR,0,26.0,20.0,0.0
2018-09-06,ARI,0,40.6,27.8,0.0
2018-09-06,CIN,0,32.8,21.1,64.0
2018-09-06,WSN,0,33.9,25.6,0.0
2018-09-07,TOR,1,23.5,18.0,0.0
2018-09-07,TBR,1,32.2,25.0,221.0
2018-09-07,ARI,1,40.6,28.3,0.0
2018-09-07,SEA,0,24.4,13.3,18.0
2018-09-07,CHW,0,21.1,18.9,51.0
2018-09-07,CIN,1,32.2,21.7,274.0
2018-09-07,COL,0,22.2,9.4,5.0
2018-09-07,OAK,1,22.8,11.1,0.0
2018-09-07,PIT,1,27.8,20.0,36.0
2018-09-07,MIN,1,24.4,14.4,0.0
2018-09-07,MIL,1,20.6,14.4,0.0
2018-09-07,DET,1,22.2,16.7,0.0
2018-09-07,NYM,0,25.0,21.7,0.0
2018-09-07,BOS,0,23.9,18.9,0.0
2018-09-08,TOR,0,16.5,14.0,0.0
2018-09-08,TBR,1,32.2,25.0,51.0
2018-09-08,ARI,0,42.8,28.9,0.0
2018-09-08,SEA,0,21.7,14.4,10.0
2018-09-08,CHW,0,20.6,17.2,0.0
2018-09-08,CIN,1,22.2,16.1,721.0
2018-09-08,COL,1,25.0,8.9,0.0
2018-09-08,OAK,1,22.8,10.6,0.0
2018-09-08,PIT,1,20.6,11.1,536.0
2018-09-08,MIN,0,25.6,14.4,0.0
2018-09-08,WSN,1,25.0,17.2,114.0
2018-09-08,WSN,1,25.0,17.2,114.0
2018-09-08,MIL,1,21.1,16.1,0.0
2018-09-08,DET,1,18.3,13.9,0.0
2018-09-08,NYM,1,22.8,17.2,3.0
2018-09-08,BOS,0,21.7,15.0,0.0
2018-09-09,TOR,1,15.5,11.5,124.0
2018-09-09,TBR,1,31.7,25.0,0.0
2018-09-09,ARI,0,41.1,29.4,0.0
2018-09-09,SEA,1,24.4,14.4,38.0
2018-09-09,CHW,0,21.1,16.1,0.0
2018-09-09,CIN,0,17.2,14.4,282.0
2018-09-09,COL,0,29.4,9.4,5.0
2018-09-09,OAK,1,23.3,10.6,0.0
2018-09-09,MIN,1,24.4,10.6,0.0
2018-09-09,MIL,1,18.9,14.4,0.0
2018-09-09,DET,0,16.1,13.3,0.0
2018-09-09,NYM,1,18.9,15.0,71.0
2018-09-09,BOS,1,18.3,13.9,0.0
2018-09-10,SFG,0,22.8,12.8,0.0
2018-09-10,LAA,0,29.4,15.6,0.0
2018-09-10,CIN,1,18.3,15.6,0.0
2018-09-10,TBR,1,32.2,26.1,3.0
2018-09-10,STL,1,26.7,15.0,0.0
2018-09-10,MIN,0,24.4,13.9,0.0
2018-09-10,COL,1,30.6,9.4,0.0
2018-09-10,CHC,0,23.3,16.1,0.0
2018-09-10,KCR,1,22.8,12.8,0.0
2018-09-10,DET,0,17.2,13.3,61.0
2018-09-11,BOS,1,23.9,18.3,135.0
2018-09-11,BAL,0,23.9,20.0,23.0
2018-09-11,SFG,0,20.6,12.2,0.0
2018-09-11,SEA,0,22.2,14.4,3.0
2018-09-11,LAA,1,30.0,20.0,0.0
2018-09-11,CIN,1,21.7,16.7,0.0
2018-09-11,TBR,0,33.3,26.1,46.0
2018-09-11,STL,1,28.3,15.6,0.0
2018-09-11,MIN,1,27.2,15.0,0.0
2018-09-11,NYM,0,23.9,17.8,8.0
2018-09-11,PHI,0,25.0,17.2,0.0
2018-09-11,PHI,0,25.0,17.2,0.0
2018-09-11,COL,0,32.2,9.4,0.0
2018-09-11,CHC,1,26.7,13.9,0.0
2018-09-11,KCR,1,27.2,12.8,0.0
2018-09-11,DET,0,23.3,15.0,0.0
2018-09-12,BOS,1,21.1,18.9,66.0
2018-09-12,BAL,0,30.0,21.1,3.0
2018-09-12,SFG,0,17.2,12.2,0.0
2018-09-12,SEA,0,20.6,12.8,0.0
2018-09-12,LAA,1,30.0,17.2,0.0
2018-09-12,CIN,0,25.0,15.6,0.0
2018-09-12,TBR,1,35.0,25.6,163.0
2018-09-12,STL,0,27.2,16.1,0.0
2018-09-12,MIN,1,29.4,19.4,0.0
2018-09-12,NYM,1,25.6,22.2,30.0
2018-09-12,PHI,0,29.4,21.7,0.0
2018-09-12,COL,1,32.2,10.6,0.0
2018-09-12,CHC,0,27.8,13.9,0.0
2018-09-12,KCR,0,28.3,14.4,0.0
2018-09-12,DET,0,23.9,12.8,0.0
2018-09-13,BOS,1,21.7,18.3,112.0
2018-09-13,BAL,1,26.1,23.3,10.0
2018-09-13,LAA,0,31.7,18.3,0.0
2018-09-13,STL,0,29.4,17.8,0.0
2018-09-13,NYM,1,25.0,21.1,36.0
2018-09-13,NYM,1,25.0,21.1,36.0
2018-09-13,KCR,1,27.2,15.6,0.0
2018-09-13,WSN,0,27.8,22.8,0.0
2018-09-13,COL,1,33.3,10.0,0.0
2018-09-14,NYY,1,23.9,20.0,0.0
2018-09-14,BAL,0,25.0,21.7,18.0
2018-09-14,ATL,1,35.0,23.3,0.0
2018-09-14,LAA,0,35.0,15.6,0.0
2018-09-14,CHC,1,29.4,16.7,0.0
2018-09-14,STL,0,32.2,19.4,0.0
2018-09-14,CLE,0,26.1,22.2,0.0
2018-09-14,SDP,0,29.4,20.0,0.0
2018-09-14,MIL,1,27.2,15.6,0.0
2018-09-14,PHI,1,24.4,20.0,0.0
2018-09-14,KCR,1,29.4,18.3,0.0
2018-09-14,SFG,1,18.3,12.2,0.0
2018-09-14,HOU,0,26.7,23.3,320.0
2018-09-14,BOS,0,23.9,18.3,0.0
2018-09-14,TBR,0,33.3,25.6,3.0
2018-09-15,NYY,0,26.7,19.4,0.0
2018-09-15,BAL,0,29.4,20.6,0.0
2018-09-15,ATL,0,35.0,22.8,0.0
2018-09-15,LAA,0,32.8,15.6,0.0
2018-09-15,CHC,1,27.8,17.2,0.0
2018-09-15,STL,0,32.8,20.6,0.0
2018-09-15,CLE,1,25.6,22.2,0.0
2018-09-15,SDP,0,27.2,20.6,0.0
2018-09-15,MIL,0,26.1,16.1,0.0
2018-09-15,PHI,1,27.2,18.9,0.0
2018-09-15,KCR,1,33.3,20.0,0.0
2018-09-15,SFG,1,16.7,11.7,0.0
2018-09-15,HOU,1,32.2,23.9,0.0
2018-09-15,BOS,1,22.8,17.2,0.0
2018-09-15,TBR,1,33.9,28.3,0.0
2018-09-16,NYY,0,28.9,19.4,0.0
2018-09-16,BAL,1,27.8,20.6,0.0
2018-09-16,ATL,0,29.4,22.2,0.0
2018-09-16,LAA,1,31.1,16.7,0.0
2018-09-16,CHC,0,30.0,19.4,0.0
2018-09-16,STL,1,32.8,20.0,0.0
2018-09-16,CLE,0,29.4,20.6,0.0
2018-09-16,SDP,1,26.7,20.0,0.0
2018-09-16,MIL,0,26.1,17.8,0.0
2018-09-16,PHI,0,30.0,18.3,0.0
2018-09-16,KCR,0,32.8,19.4,0.0
2018-09-16,SFG,0,18.9,12.8,0.0
2018-09-16,HOU,1,33.3,23.9,0.0
2018-09-16,BOS,1,27.2,17.2,0.0
2018-09-16,TBR,1,33.9,28.9,0.0
2018-09-17,BAL,0,26.7,22.2,348.0
2018-09-17,ATL,0,33.3,20.6,0.0
2018-09-17,HOU,0,35.0,23.9,0.0
2018-09-17,MIL,1,32.8,19.4,0.0
2018-09-17,LAD,1,30.6,16.7,0.0
2018-09-17,TEX,0,31.7,22.8,25.0
2018-09-17,PIT,1,22.8,19.4,229.0
2018-09-17,MIA,1,32.8,27.2,0.0
2018-09-17,DET,0,28.3,18.9,0.0
2018-09-17,SDP,0,26.7,18.9,0.0
2018-09-17,ARI,0,41.7,29.4,0.0
2018-09-17,PHI,0,26.7,18.3,3.0
2018-09-18,BAL,0,27.8,22.8,759.0
2018-09-18,ATL,0,33.9,21.7,0.0
2018-09-18,HOU,1,35.0,24.4,0.0
2018-09-18,OAK,0,19.4,11.1,0.0
2018-09-18,MIL,0,22.2,17.2,20.0
2018-09-18,LAD,1,29.4,16.1,0.0
2018-09-18,CLE,1,26.7,19.4,0.0
2018-09-18,TEX,0,32.8,23.3,0.0
2018-09-18,PIT,1,26.7,18.3,28.0
2018-09-18,NYY,1,26.1,21.1,302.0
2018-09-18,MIA,0,32.2,26.1,15.0
2018-09-18,DET,0,31.1,18.9,3.0
2018-09-18,SDP,0,26.1,17.8,0.0
2018-09-18,ARI,0,40.0,29.4,0.0
2018-09-18,PHI,1,27.8,20.0,66.0
2018-09-19,BAL,1,30.0,22.2,0.0
2018-09-19,ATL,1,34.4,23.3,0.0
2018-09-19,HOU,0,34.4,24.4,0.0
2018-09-19,OAK,1,23.3,11.7,0.0
2018-09-19,MIL,1,20.0,15.6,10.0
2018-09-19,LAD,1,27.2,16.1,0.0
2018-09-19,CLE,1,22.8,18.3,5.0
2018-09-19,TEX,0,32.8,23.3,0.0
2018-09-19,PIT,1,27.2,18.3,8.0
2018-09-19,NYY,1,27.2,20.0,0.0
2018-09-19,DET,0,23.9,17.2,0.0
2018-09-19,SDP,1,24.4,19.4,0.0
2018-09-19,ARI,1,33.3,23.3,43.0
2018-09-19,PHI,1,28.9,19.4,0.0
2018-09-20,TOR,1,24.0,13.5,12.0
2018-09-20,ATL,1,34.4,23.3,0.0
2018-09-20,OAK,1,30.0,10.6,0.0
2018-09-20,MIA,0,32.8,25.6,0.0
2018-09-20,CLE,0,29.4,16.7,0.0
2018-09-20,NYY,0,22.2,18.3,0.0
2018-09-20,WSN,0,28.3,20.6,0.0
2018-09-20,DET,1,22.8,16.7,196.0
2018-09-21,TOR,0,31.5,15.5,0.0
2018-09-21,NYY,1,22.2,19.4,0.0
2018-09-21,ATL,1,32.2,21.7,0.0
2018-09-21,TEX,1,31.7,23.3,28.0
2018-09-21,HOU,1,32.8,26.1,5.0
2018-09-21,MIA,1,32.2,22.8,140.0
2018-09-21,LAD,0,26.7,18.3,0.0
2018-09-21,CLE,0,33.3,20.0,0.0
2018-09-21,PIT,0,30.6,20.0,231.0
2018-09-21,OAK,1,22.8,11.1,0.0
2018-09-21,WSN,0,25.6,20.0,71.0
2018-09-21,ARI,0,38.3,25.6,0.0
2018-09-21,STL,1,28.3,17.8,13.0
2018-09-21,CHW,1,28.3,14.4,0.0
2018-09-21,DET,0,30.0,15.6,0.0
2018-09-22,TOR,1,14.5,11.0,0.0
2018-09-22,NYY,1,23.3,16.7,0.0
2018-09-22,ATL,1,32.8,21.7,0.0
2018-09-22,TEX,0,24.4,22.2,1854.0
2018-09-22,HOU,1,30.6,23.3,318.0
2018-09-22,MIA,1,31.7,24.4,10.0
2018-09-22,LAD,1,27.2,17.8,0.0
2018-09-22,CLE,1,20.0,13.3,0.0
2018-09-22,PIT,1,21.1,12.8,0.0
2018-09-22,OAK,1,19.4,11.1,0.0
2018-09-22,WSN,1,26.7,18.3,3.0
2018-09-22,ARI,0,38.9,27.2,0.0
2018-09-22,STL,1,21.7,14.4,0.0
2018-09-22,CHW,0,17.8,13.3,0.0
2018-09-22,DET,1,16.7,10.0,0.0
2018-09-23,TOR,0,19.0,6.0,0.0
2018-09-23,NYY,0,18.9,15.6,0.0
2018-09-23,ATL,1,32.2,20.6,0.0
2018-09-23,TEX,1,23.3,18.9,30.0
2018-09-23,HOU,1,29.4,21.7,15.0
2018-09-23,MIA,1,32.2,25.6,0.0
2018-09-23,LAD,1,26.7,18.3,0.0
2018-09-23,CLE,1,20.6,11.7,0.0
2018-09-23,PIT,0,20.0,11.7,0.0
2018-09-23,OAK,0,21.1,10.0,0.0
2018-09-23,WSN,0,18.9,16.1,180.0
2018-09-23,ARI,0,40.0,25.6,0.0
2018-09-23,STL,1,26.7,12.8,0.0
2018-09-23,CHW,0,21.1,11.7,0.0
2018-09-23,DET,0,20.6,8.3,0.0
2018-09-24,TOR,0,21.5,11.0,89.0
2018-09-24,BOS,1,15.6,12.2,0.0
2018-09-24,SEA,0,19.4,8.3,0.0
2018-09-24,LAA,1,26.7,17.8,0.0
2018-09-24,ARI,0,38.9,27.8,0.0
2018-09-24,CHW,0,22.2,14.4,13.0
2018-09-24,CHC,0,22.2,14.4,13.0
2018-09-24,TBR,0,35.0,25.0,165.0
2018-09-24,WSN,1,20.0,17.2,74.0
2018-09-24,COL,1,30.0,12.8,0.0
2018-09-24,SFG,0,18.9,10.0,0.0
2018-09-24,STL,0,26.1,18.9,0.0
2018-09-25,TOR,0,22.0,15.0,60.0
2018-09-25,NYM,0,25.6,15.6,287.0
2018-09-25,SEA,1,20.6,9.4,0.0
2018-09-25,LAA,1,26.7,18.9,0.0
2018-09-25,CIN,0,26.7,20.0,28.0
2018-09-25,ARI,1,37.8,26.7,0.0
2018-09-25,CHW,1,28.9,17.2,180.0
2018-09-25,CHC,0,28.9,17.2,180.0
2018-09-25,TBR,0,35.0,26.1,0.0
2018-09-25,WSN,1,27.8,20.0,25.0
2018-09-25,MIN,0,25.6,13.3,71.0
2018-09-25,COL,1,23.9,6.1,0.0
2018-09-25,SFG,1,17.8,11.7,0.0
2018-09-25,STL,0,30.6,19.4,0.0
2018-09-26,TOR,1,23.0,13.5,14.0
2018-09-26,BOS,1,28.9,20.0,71.0
2018-09-26,BOS,0,28.9,20.0,71.0
2018-09-26,NYM,1,28.3,22.2,38.0
2018-09-26,SEA,0,21.7,8.9,0.0
2018-09-26,LAA,1,26.7,18.9,0.0
2018-09-26,CIN,0,23.3,12.2,28.0
2018-09-26,ARI,1,40.0,25.6,0.0
2018-09-26,CHW,0,20.0,10.6,0.0
2018-09-26,CHC,1,20.0,10.6,0.0
2018-09-26,TBR,1,33.9,25.6,15.0
2018-09-26,WSN,1,30.6,22.2,48.0
2018-09-26,MIN,1,14.4,7.2,25.0
2018-09-26,COL,1,17.8,5.0,0.0
2018-09-26,SFG,0,23.3,11.7,0.0
2018-09-26,STL,0,21.7,11.7,89.0
2018-09-27,NYM,1,23.9,17.2,3.0
2018-09-27,SEA,0,22.2,10.6,0.0
2018-09-27,KCR,1,17.8,7.2,0.0
2018-09-27,CHC,1,20.6,8.9,0.0
2018-09-27,TBR,0,34.4,25.6,0.0
2018-09-27,MIN,1,17.2,8.9,0.0
2018-09-27,COL,1,22.8,4.4,0.0
2018-09-28,TBR,0,34.4,25.6,10.0
2018-09-28,BAL,0,24.4,15.6,64.0
2018-09-28,PHI,0,21.1,14.4,224.0
2018-09-28,SEA,1,24.4,12.8,0.0
2018-09-28,LAA,1,31.1,16.1,0.0
2018-09-28,CIN,0,22.2,10.6,0.0
2018-09-28,SFG,0,18.3,12.8,0.0
2018-09-28,KCR,0,22.8,7.2,0.0
2018-09-28,BOS,0,16.7,14.4,89.0
2018-09-28,NYM,0,18.9,14.4,211.0
2018-09-28,MIN,1,16.1,6.1,0.0
2018-09-28,MIN,1,16.1,6.1,0.0
2018-09-28,COL,1,26.7,6.1,0.0
2018-09-28,CHC,1,16.7,8.3,13.0
2018-09-28,MIL,1,16.1,7.8,0.0
2018-09-28,SDP,1,22.2,19.4,0.0
2018-09-29,TBR,1,36.1,26.1,0.0
2018-09-29,BAL,0,26.7,17.8,0.0
2018-09-29,BAL,0,26.7,17.8,0.0
2018-09-29,PHI,1,26.1,13.9,0.0
2018-09-29,SEA,1,21.1,10.0,20.0
2018-09-29,LAA,0,31.1,16.7,0.0
2018-09-29,CIN,1,22.8,10.6,0.0
2018-09-29,SFG,0,21.1,14.4,0.0
2018-09-29,KCR,1,19.4,8.3,38.0
2018-09-29,BOS,0,23.3,12.8,0.0
2018-09-29,NYM,1,23.9,15.0,0.0
2018-09-29,MIN,1,12.8,1.1,0.0
2018-09-29,COL,0,12.2,1.7,0.0
2018-09-29,CHC,0,15.6,5.6,5.0
2018-09-29,MIL,1,14.4,5.0,104.0
2018-09-29,SDP,0,24.4,18.9,0.0
2018-09-30,TBR,1,36.1,25.6,0.0
2018-09-30,BAL,1,24.4,16.7,0.0
2018-09-30,PHI,1,23.3,12.8,0.0
2018-09-30,SEA,1,18.3,12.8,5.0
2018-09-30,LAA,1,31.7,15.6,0.0
2018-09-30,CIN,0,26.7,11.1,0.0
2018-09-30,SFG,0,21.1,16.1,0.0
2018-09-30,KCR,0,23.3,8.3,0.0
2018-09-30,BOS,1,21.1,12.2,0.0
2018-09-30,NYM,1,22.8,14.4,0.0
2018-09-30,MIN,1,7.8,3.3,0.0
2018-09-30,COL,1,28.9,1.1,0.0
2018-09-30,CHC,1,20.0,12.2,3.0
2018-09-30,MIL,1,13.9,8.9,295.0
2018-09-30,SDP,1,25.6,18.9,0.0
2018-10-01,LAD,1,32.2,18.9,0.0
2018-10-01,CHC,0,24.4,13.9,307.0
